Dependents,ApplicantIncome,CoapplicantIncome,LoanAmount,Loan_Amount_Term,Credit_History,Loan_Status,target,TotalIncome,EMI,BalanceIncome,LoanAmount_log,TotalIncome_log,Gender_Male,Married_Yes,Education_Not Graduate,Self_Employed_Yes,Property_Area_Semiurban,Property_Area_Urban
0,5849,0.0,128.0,360.0,1.0,1,1,5849.0,0.35555555555555557,5848.644444444444,4.852030263919617,8.674025985443025,True,False,False,False,False,True
1,4583,1508.0,128.0,360.0,1.0,0,0,6091.0,0.35555555555555557,6090.644444444444,4.852030263919617,8.714567550836485,True,True,False,False,False,False
0,3000,0.0,66.0,360.0,1.0,1,1,3000.0,0.18333333333333332,2999.8166666666666,4.189654742026425,8.006367567650246,True,True,False,True,False,True
0,2583,2358.0,120.0,360.0,1.0,1,1,4941.0,0.3333333333333333,4940.666666666667,4.787491742782046,8.50532301884575,True,True,True,False,False,True
0,6000,0.0,141.0,360.0,1.0,1,1,6000.0,0.39166666666666666,5999.608333333334,4.948759890378168,8.699514748210191,True,False,False,False,False,True
2,5417,4196.0,267.0,360.0,1.0,1,1,9613.0,0.7416666666666667,9612.258333333333,5.58724865840025,9.170871628065816,True,True,False,True,False,True
0,2333,1516.0,95.0,360.0,1.0,1,1,3849.0,0.2638888888888889,3848.7361111111113,4.553876891600541,8.255568653283746,True,True,True,False,False,True
3,3036,2504.0,158.0,360.0,0.0,0,0,5540.0,0.4388888888888889,5539.561111111111,5.062595033026967,8.61974977974133,True,True,False,False,True,False
2,4006,1526.0,168.0,360.0,1.0,1,1,5532.0,0.4666666666666667,5531.533333333334,5.123963979403259,8.61830469278465,True,True,False,False,False,True
1,12841,10968.0,349.0,360.0,1.0,0,0,23809.0,0.9694444444444444,23808.030555555557,5.855071922202427,10.077818939438902,True,True,False,False,True,False
2,3200,700.0,70.0,360.0,1.0,1,1,3900.0,0.19444444444444445,3899.8055555555557,4.248495242049359,8.268731832117737,True,True,False,False,False,True
2,2500,1840.0,109.0,360.0,1.0,1,1,4340.0,0.30277777777777776,4339.697222222222,4.6913478822291435,8.375629627094451,True,True,False,False,False,True
2,3073,8106.0,200.0,360.0,1.0,1,1,11179.0,0.5555555555555556,11178.444444444445,5.298317366548036,9.321792297270326,True,True,False,False,False,True
0,1853,2840.0,114.0,360.0,1.0,0,0,4693.0,0.31666666666666665,4692.683333333333,4.736198448394496,8.453827315794417,True,False,False,False,False,False
2,1299,1086.0,17.0,120.0,1.0,1,1,2385.0,0.14166666666666666,2384.858333333333,2.833213344056216,7.776954403322442,True,True,False,False,False,True
0,4950,0.0,125.0,360.0,1.0,1,1,4950.0,0.3472222222222222,4949.652777777777,4.8283137373023015,8.507142855562735,True,False,False,False,False,True
1,3596,0.0,100.0,240.0,1.0,1,1,3596.0,0.4166666666666667,3595.5833333333335,4.605170185988092,8.18757739559151,True,False,True,False,False,True
0,3510,0.0,76.0,360.0,0.0,0,0,3510.0,0.2111111111111111,3509.788888888889,4.330733340286331,8.163371316459912,False,False,False,False,False,True
0,4887,0.0,133.0,360.0,1.0,0,0,4887.0,0.36944444444444446,4886.6305555555555,4.890349128221754,8.494333897270154,True,True,True,False,False,False
0,2600,3500.0,115.0,360.0,1.0,1,1,6100.0,0.3194444444444444,6099.680555555556,4.74493212836325,8.716044050161402,True,True,False,False,False,True
0,7660,0.0,104.0,360.0,0.0,0,0,7660.0,0.28888888888888886,7659.711111111111,4.6443908991413725,8.943767262734637,True,True,True,False,False,True
1,5955,5625.0,315.0,360.0,1.0,1,1,11580.0,0.875,11579.125,5.752572638825633,9.357034751126987,True,True,False,False,False,True
0,2600,1911.0,116.0,360.0,0.0,0,0,4511.0,0.32222222222222224,4510.677777777778,4.7535901911063645,8.414274137408396,True,True,True,False,True,False
2,3365,1917.0,112.0,360.0,0.0,0,0,5282.0,0.3111111111111111,5281.688888888889,4.718498871295094,8.572060092857077,True,True,True,False,False,False
1,3717,2925.0,151.0,360.0,1.0,0,0,6642.0,0.41944444444444445,6641.580555555555,5.017279836814924,8.801168401936692,True,True,False,False,True,False
0,9560,0.0,191.0,360.0,1.0,1,1,9560.0,0.5305555555555556,9559.469444444445,5.25227342804663,9.165343006045447,True,True,False,True,True,False
0,2799,2253.0,122.0,360.0,1.0,1,1,5052.0,0.3388888888888889,5051.6611111111115,4.804021044733257,8.527539483470381,True,True,False,False,True,False
2,4226,1040.0,110.0,360.0,1.0,1,1,5266.0,0.3055555555555556,5265.694444444444,4.700480365792417,8.569026340056254,True,True,True,False,False,True
0,1442,0.0,35.0,360.0,1.0,0,0,1442.0,0.09722222222222222,1441.9027777777778,3.5553480614894135,7.273786317844895,True,False,True,False,False,True
2,3750,2083.0,120.0,360.0,1.0,1,1,5833.0,0.3333333333333333,5832.666666666667,4.787491742782046,8.671286726753637,False,False,False,False,True,False
1,4166,3369.0,201.0,360.0,1.0,0,0,7535.0,0.5583333333333333,7534.441666666667,5.303304908059076,8.927314111060596,True,True,False,False,False,True
0,3167,0.0,74.0,360.0,1.0,0,0,3167.0,0.20555555555555555,3166.7944444444443,4.30406509320417,8.06054004653864,True,False,False,False,False,True
1,4692,0.0,106.0,360.0,1.0,0,0,4692.0,0.29444444444444445,4691.705555555555,4.663439094112067,8.453614209773367,True,False,False,True,False,False
0,3500,1667.0,114.0,360.0,1.0,1,1,5167.0,0.31666666666666665,5166.683333333333,4.736198448394496,8.550047528287184,True,True,False,False,True,False
3,12500,3000.0,320.0,360.0,1.0,0,0,15500.0,0.8888888888888888,15499.111111111111,5.768320995793772,9.648595302907339,True,False,False,False,False,False
0,2275,2067.0,128.0,360.0,1.0,1,1,4342.0,0.35555555555555557,4341.644444444444,4.852030263919617,8.376090350438238,True,True,False,False,False,True
0,1828,1330.0,100.0,360.0,0.0,0,0,3158.0,0.2777777777777778,3157.722222222222,4.605170185988092,8.057694194815587,True,True,False,False,False,True
0,3667,1459.0,144.0,360.0,1.0,1,1,5126.0,0.4,5125.6,4.969813299576001,8.542080906924017,False,True,False,False,True,False
0,4166,7210.0,184.0,360.0,1.0,1,1,11376.0,0.5111111111111111,11375.488888888889,5.214935757608986,9.339261152043022,True,False,False,False,False,True
0,3748,1668.0,110.0,360.0,1.0,1,1,5416.0,0.3055555555555556,5415.694444444444,4.700480365792417,8.59711281459211,True,False,True,False,True,False
0,3600,0.0,80.0,360.0,1.0,0,0,3600.0,0.2222222222222222,3599.777777777778,4.382026634673881,8.1886891244442,True,False,False,False,False,True
0,1800,1213.0,47.0,360.0,1.0,1,1,3013.0,0.13055555555555556,3012.8694444444445,3.8501476017100584,8.0106915391303,True,False,False,False,False,True
0,2400,0.0,75.0,360.0,1.0,1,1,2400.0,0.20833333333333334,2399.7916666666665,4.31748811353631,7.783224016336037,True,True,False,False,False,True
0,3941,2336.0,134.0,360.0,1.0,1,1,6277.0,0.37222222222222223,6276.627777777778,4.897839799950911,8.744647438317532,True,True,False,False,True,False
0,4695,0.0,96.0,360.0,1.0,1,1,4695.0,0.26666666666666666,4694.733333333334,4.564348191467836,8.454253391642363,True,True,True,True,False,True
0,3410,0.0,88.0,360.0,1.0,1,1,3410.0,0.24444444444444444,3409.7555555555555,4.477336814478207,8.134467570277563,False,False,False,False,False,True
1,5649,0.0,44.0,360.0,1.0,1,1,5649.0,0.12222222222222222,5648.877777777778,3.784189633918261,8.639233817325263,True,True,False,False,False,True
0,5821,0.0,144.0,360.0,1.0,1,1,5821.0,0.4,5820.6,4.969813299576001,8.669227347271736,True,True,False,False,False,True
0,2645,3440.0,120.0,360.0,0.0,0,0,6085.0,0.3333333333333333,6084.666666666667,4.787491742782046,8.713582005421628,False,True,False,False,False,True
0,4000,2275.0,144.0,360.0,1.0,1,1,6275.0,0.4,6274.6,4.969813299576001,8.744328763999984,False,False,False,False,True,False
0,1928,1644.0,100.0,360.0,1.0,1,1,3572.0,0.2777777777777778,3571.722222222222,4.605170185988092,8.18088094199639,False,True,True,False,True,False
0,3086,0.0,120.0,360.0,1.0,1,1,3086.0,0.3333333333333333,3085.6666666666665,4.787491742782046,8.034631032923107,False,False,False,False,True,False
0,4230,0.0,112.0,360.0,1.0,0,0,4230.0,0.3111111111111111,4229.688888888889,4.718498871295094,8.349957272040324,False,False,False,False,True,False
2,4616,0.0,134.0,360.0,1.0,0,0,4616.0,0.37222222222222223,4615.627777777778,4.897839799950911,8.437283808187935,True,True,False,False,False,True
1,11500,0.0,286.0,360.0,0.0,0,0,11500.0,0.7944444444444444,11499.205555555556,5.655991810819852,9.350102314351341,False,True,False,True,False,True
2,2708,1167.0,97.0,360.0,1.0,1,1,3875.0,0.26944444444444443,3874.7305555555554,4.574710978503383,8.262300941787448,True,True,False,False,True,False
0,2132,1591.0,96.0,360.0,1.0,1,1,3723.0,0.26666666666666666,3722.733333333333,4.564348191467836,8.222285073872717,True,True,False,False,True,False
0,3366,2200.0,135.0,360.0,1.0,0,0,5566.0,0.375,5565.625,4.90527477843843,8.624431942085836,True,True,False,False,False,False
1,8080,2250.0,180.0,360.0,1.0,1,1,10330.0,0.5,10329.5,5.19295685089021,9.242807562113684,True,True,False,False,False,True
2,3357,2859.0,144.0,360.0,1.0,1,1,6216.0,0.4,6215.6,4.969813299576001,8.734881892047483,True,True,True,False,False,True
0,2500,3796.0,120.0,360.0,1.0,1,1,6296.0,0.3333333333333333,6295.666666666667,4.787491742782046,8.74766979009724,True,True,False,False,False,True
3,3029,0.0,99.0,360.0,1.0,1,1,3029.0,0.275,3028.725,4.59511985013459,8.015987811027237,True,True,False,False,False,True
0,2609,3449.0,165.0,180.0,0.0,0,0,6058.0,0.9166666666666666,6057.083333333333,5.10594547390058,8.709134991587183,True,True,True,True,False,False
1,4945,0.0,128.0,360.0,0.0,0,0,4945.0,0.35555555555555557,4944.644444444444,4.852030263919617,8.506132244056813,True,True,False,False,False,False
0,4166,0.0,116.0,360.0,0.0,0,0,4166.0,0.32222222222222224,4165.677777777778,4.7535901911063645,8.334711621820917,False,False,False,False,True,False
0,5726,4595.0,258.0,360.0,1.0,0,0,10321.0,0.7166666666666667,10320.283333333333,5.552959584921617,9.241935933565934,True,True,False,False,True,False
0,3200,2254.0,126.0,180.0,0.0,0,0,5454.0,0.7,5453.3,4.836281906951478,8.604104563405533,True,False,True,False,False,True
1,10750,0.0,312.0,360.0,1.0,1,1,10750.0,0.8666666666666667,10749.133333333333,5.7430031878094825,9.28266103355581,True,True,False,False,False,True
3,7100,0.0,125.0,60.0,1.0,1,1,7100.0,2.0833333333333335,7097.916666666667,4.8283137373023015,8.867850063029406,True,True,True,True,False,True
0,4300,0.0,136.0,360.0,0.0,0,0,4300.0,0.37777777777777777,4299.622222222222,4.912654885736052,8.366370301681654,False,False,False,False,True,False
0,3208,3066.0,172.0,360.0,1.0,1,1,6274.0,0.4777777777777778,6273.522222222222,5.147494476813453,8.744169388750624,True,True,False,False,False,True
2,1875,1875.0,97.0,360.0,1.0,1,1,3750.0,0.26944444444444443,3749.7305555555554,4.574710978503383,8.229511118964457,True,True,True,True,True,False
0,3500,0.0,81.0,300.0,1.0,1,1,3500.0,0.27,3499.73,4.394449154672439,8.160518247477505,True,False,False,False,True,False
3,4755,0.0,95.0,360.0,0.0,0,0,4755.0,0.2638888888888889,4754.736111111111,4.553876891600541,8.46695197497949,True,True,True,False,True,False
3,5266,1774.0,187.0,360.0,1.0,1,1,7040.0,0.5194444444444445,7039.480555555556,5.231108616854587,8.859363449152088,True,True,False,True,True,False
0,3750,0.0,113.0,480.0,1.0,0,0,3750.0,0.23541666666666666,3749.764583333333,4.727387818712341,8.229511118964457,True,False,False,False,False,True
0,3750,4750.0,176.0,360.0,1.0,0,0,8500.0,0.4888888888888889,8499.511111111111,5.170483995038151,9.047821442478408,True,False,False,False,False,True
1,1000,3022.0,110.0,360.0,1.0,0,0,4022.0,0.3055555555555556,4021.6944444444443,4.700480365792417,8.299534570332597,True,True,False,True,False,True
3,3167,4000.0,180.0,300.0,0.0,0,0,7167.0,0.6,7166.4,5.19295685089021,8.877242435993919,True,True,False,False,True,False
3,3333,2166.0,130.0,360.0,1.0,1,1,5499.0,0.3611111111111111,5498.638888888889,4.867534450455582,8.612321536507814,True,True,True,True,True,False
0,3846,0.0,111.0,360.0,1.0,1,1,3846.0,0.30833333333333335,3845.6916666666666,4.709530201312334,8.254788926148725,False,False,False,False,True,False
1,2395,0.0,128.0,360.0,1.0,1,1,2395.0,0.35555555555555557,2394.6444444444446,4.852030263919617,7.781138509845015,True,True,False,True,True,False
2,1378,1881.0,167.0,360.0,1.0,0,0,3259.0,0.4638888888888889,3258.536111111111,5.117993812416755,8.089175678837561,False,True,False,False,False,True
0,6000,2250.0,265.0,360.0,1.0,0,0,8250.0,0.7361111111111112,8249.263888888889,5.579729825986222,9.017968479328726,True,True,False,False,True,False
1,3988,0.0,50.0,240.0,1.0,1,1,3988.0,0.20833333333333334,3987.7916666666665,3.912023005428146,8.291045131081729,True,True,False,False,False,True
0,2366,2531.0,136.0,360.0,1.0,1,1,4897.0,0.37777777777777777,4896.622222222222,4.912654885736052,8.496378051702317,True,False,False,False,True,False
2,3333,2000.0,99.0,360.0,1.0,1,1,5333.0,0.275,5332.725,4.59511985013459,8.581669210600602,True,True,True,False,True,False
0,2500,2118.0,104.0,360.0,1.0,1,1,4618.0,0.28888888888888886,4617.711111111111,4.6443908991413725,8.43771698991444,True,True,False,False,True,False
0,8566,0.0,210.0,360.0,1.0,1,1,8566.0,0.5833333333333334,8565.416666666666,5.3471075307174685,9.055556158175316,True,False,False,False,False,True
0,5695,4167.0,175.0,360.0,1.0,1,1,9862.0,0.4861111111111111,9861.513888888889,5.1647859739235145,9.196444266784072,True,True,False,False,True,False
0,2958,2900.0,131.0,360.0,1.0,1,1,5858.0,0.3638888888888889,5857.636111111111,4.875197323201151,8.675563527387679,True,True,False,False,True,False
2,6250,5654.0,188.0,180.0,1.0,1,1,11904.0,1.0444444444444445,11902.955555555556,5.236441962829949,9.384629757072872,True,True,False,False,True,False
2,3273,1820.0,81.0,360.0,1.0,1,1,5093.0,0.225,5092.775,4.394449154672439,8.535622326884605,True,True,True,False,False,True
0,4133,0.0,122.0,360.0,1.0,1,1,4133.0,0.3388888888888889,4132.6611111111115,4.804021044733257,8.326758814511733,True,False,False,False,True,False
0,3620,0.0,25.0,120.0,1.0,1,1,3620.0,0.20833333333333334,3619.7916666666665,3.2188758248682006,8.194229304819817,True,False,True,False,True,False
0,6782,0.0,128.0,360.0,1.0,0,0,6782.0,0.35555555555555557,6781.644444444444,4.852030263919617,8.822027322685583,True,False,False,False,False,True
0,2484,2302.0,137.0,360.0,1.0,1,1,4786.0,0.38055555555555554,4785.6194444444445,4.919980925828125,8.47345026846832,False,True,False,False,True,False
0,1977,997.0,50.0,360.0,1.0,1,1,2974.0,0.1388888888888889,2973.8611111111113,3.912023005428146,7.9976631270201,True,True,False,False,True,False
0,4188,0.0,115.0,180.0,1.0,1,1,4188.0,0.6388888888888888,4187.361111111111,4.74493212836325,8.339978571990427,True,True,True,False,True,False
0,1759,3541.0,131.0,360.0,1.0,1,1,5300.0,0.3638888888888889,5299.636111111111,4.875197323201151,8.575462099540212,True,True,False,False,True,False
2,4288,3263.0,133.0,180.0,1.0,1,1,7551.0,0.7388888888888889,7550.261111111111,4.890349128221754,8.929435283803425,True,True,True,False,False,True
0,4843,3806.0,151.0,360.0,1.0,1,1,8649.0,0.41944444444444445,8648.580555555556,5.017279836814924,9.065198986306513,True,False,False,False,True,False
0,13650,0.0,128.0,360.0,1.0,1,1,13650.0,0.35555555555555557,13649.644444444444,4.852030263919617,9.521494800613105,True,True,False,False,False,True
0,4652,3583.0,128.0,360.0,1.0,1,1,8235.0,0.35555555555555557,8234.644444444444,4.852030263919617,9.016148642611741,True,True,False,False,True,False
0,3816,754.0,160.0,360.0,1.0,1,1,4570.0,0.4444444444444444,4569.555555555556,5.075173815233827,8.42726848388825,True,True,False,False,False,True
1,3052,1030.0,100.0,360.0,1.0,1,1,4082.0,0.2777777777777778,4081.722222222222,4.605170185988092,8.31434234336979,True,True,False,False,False,True
2,11417,1126.0,225.0,360.0,1.0,1,1,12543.0,0.625,12542.375,5.41610040220442,9.436918020024674,True,True,False,False,False,True
0,7333,0.0,120.0,360.0,1.0,0,0,7333.0,0.3333333333333333,7332.666666666667,4.787491742782046,8.9001399880938,True,False,True,False,False,False
2,3800,3600.0,216.0,360.0,0.0,0,0,7400.0,0.6,7399.4,5.375278407684165,8.909235279192261,True,True,False,False,False,True
3,2071,754.0,94.0,480.0,1.0,1,1,2825.0,0.19583333333333333,2824.804166666667,4.543294782270004,7.946263643580541,True,True,True,False,True,False
0,5316,0.0,136.0,360.0,1.0,1,1,5316.0,0.37777777777777777,5315.622222222222,4.912654885736052,8.578476419833136,True,False,False,False,False,True
0,2929,2333.0,139.0,360.0,1.0,1,1,5262.0,0.3861111111111111,5261.613888888889,4.9344739331306915,8.568266461600238,False,True,False,False,True,False
0,3572,4114.0,152.0,360.0,0.0,0,0,7686.0,0.4222222222222222,7685.577777777778,5.0238805208462765,8.94715577112479,True,True,True,False,False,False
1,7451,0.0,128.0,360.0,1.0,1,1,7451.0,0.35555555555555557,7450.644444444444,4.852030263919617,8.916103530553727,False,False,False,True,True,False
0,5050,0.0,118.0,360.0,1.0,1,1,5050.0,0.3277777777777778,5049.672222222222,4.770684624465665,8.527143522269405,True,False,False,False,True,False
1,14583,0.0,185.0,180.0,1.0,1,1,14583.0,1.0277777777777777,14581.972222222223,5.220355825078324,9.587611745713565,True,True,False,False,False,False
0,3167,2283.0,154.0,360.0,1.0,1,1,5450.0,0.42777777777777776,5449.572222222222,5.0369526024136295,8.60337088765729,False,True,False,False,True,False
1,2214,1398.0,85.0,360.0,1.0,1,1,3612.0,0.2361111111111111,3611.7638888888887,4.442651256490317,8.192016914536875,True,True,False,False,False,True
0,5568,2142.0,175.0,360.0,1.0,0,0,7710.0,0.4861111111111111,7709.513888888889,5.1647859739235145,8.950273466557375,True,True,False,False,False,False
0,10408,0.0,259.0,360.0,1.0,1,1,10408.0,0.7194444444444444,10407.280555555555,5.556828061699537,9.250330020192342,False,False,False,False,False,True
0,5667,2667.0,180.0,360.0,1.0,1,1,8334.0,0.5,8333.5,5.19295685089021,9.0280988119824,True,True,False,False,False,False
0,4166,0.0,44.0,360.0,1.0,1,1,4166.0,0.12222222222222222,4165.877777777778,3.784189633918261,8.334711621820917,False,False,False,False,True,False
0,2137,8980.0,137.0,360.0,0.0,1,1,11117.0,0.38055555555555554,11116.619444444445,4.919980925828125,9.316230747233615,False,False,False,False,True,False
2,2957,0.0,81.0,360.0,1.0,1,1,2957.0,0.225,2956.775,4.394449154672439,7.9919305198524775,True,True,False,False,True,False
0,4300,2014.0,194.0,360.0,1.0,1,1,6314.0,0.5388888888888889,6313.461111111111,5.267858159063328,8.750524669117937,True,True,True,False,False,False
0,3692,0.0,93.0,360.0,1.0,1,1,3692.0,0.25833333333333336,3691.741666666667,4.532599493153256,8.213923595622743,False,False,False,False,False,False
3,23803,0.0,370.0,360.0,1.0,1,1,23803.0,1.0277777777777777,23801.972222222223,5.91350300563827,10.077566902136047,True,True,False,False,False,False
0,3865,1640.0,128.0,360.0,1.0,1,1,5505.0,0.35555555555555557,5504.644444444444,4.852030263919617,8.61341204915678,True,False,False,False,False,False
1,10513,3850.0,160.0,180.0,0.0,0,0,14363.0,0.8888888888888888,14362.111111111111,5.075173815233827,9.572410734431823,True,True,False,True,False,True
0,6080,2569.0,182.0,360.0,1.0,0,0,8649.0,0.5055555555555555,8648.494444444445,5.204006687076795,9.065198986306513,True,True,False,False,False,False
0,20166,0.0,650.0,480.0,1.0,1,1,20166.0,1.3541666666666667,20164.645833333332,6.476972362889683,9.91175329695316,True,False,False,True,False,True
0,2014,1929.0,74.0,360.0,1.0,1,1,3943.0,0.20555555555555555,3942.7944444444443,4.30406509320417,8.279697133877628,True,False,False,False,False,True
0,2718,0.0,70.0,360.0,1.0,1,1,2718.0,0.19444444444444445,2717.8055555555557,4.248495242049359,7.907651594711089,True,False,False,False,True,False
0,3459,0.0,25.0,120.0,1.0,1,1,3459.0,0.20833333333333334,3458.7916666666665,3.2188758248682006,8.148734808937169,True,True,False,True,True,False
0,4895,0.0,102.0,360.0,1.0,1,1,4895.0,0.2833333333333333,4894.716666666666,4.624972813284271,8.49596955496461,True,False,False,False,True,False
3,4000,7750.0,290.0,360.0,1.0,0,0,11750.0,0.8055555555555556,11749.194444444445,5.66988092298052,9.371608519572305,True,True,False,False,True,False
0,4583,0.0,84.0,360.0,1.0,0,0,4583.0,0.23333333333333334,4582.766666666666,4.430816798843313,8.430109084509125,False,True,False,False,False,False
2,3316,3500.0,88.0,360.0,1.0,1,1,6816.0,0.24444444444444444,6815.7555555555555,4.477336814478207,8.827028068509152,True,True,False,True,False,True
0,14999,0.0,242.0,360.0,0.0,0,0,14999.0,0.6722222222222223,14998.327777777778,5.488937726156687,9.61573881119536,True,False,False,False,True,False
2,4200,1430.0,129.0,360.0,1.0,0,0,5630.0,0.35833333333333334,5629.641666666666,4.859812404361672,8.635864721133736,True,True,True,False,False,False
2,5042,2083.0,185.0,360.0,1.0,0,0,7125.0,0.5138888888888888,7124.486111111111,5.220355825078324,8.871365005136852,True,True,False,False,False,False
0,5417,0.0,168.0,360.0,1.0,1,1,5417.0,0.4666666666666667,5416.533333333334,5.123963979403259,8.597297435657898,True,False,False,False,False,True
0,6950,0.0,175.0,180.0,1.0,1,1,6950.0,0.9722222222222222,6949.027777777777,5.1647859739235145,8.846496938558838,True,False,False,True,True,False
0,2698,2034.0,122.0,360.0,1.0,1,1,4732.0,0.3388888888888889,4731.6611111111115,4.804021044733257,8.462103225098277,True,True,False,False,True,False
2,11757,0.0,187.0,180.0,1.0,1,1,11757.0,1.038888888888889,11755.961111111112,5.231108616854587,9.372204086867741,True,True,False,False,False,True
0,2330,4486.0,100.0,360.0,1.0,1,1,6816.0,0.2777777777777778,6815.722222222223,4.605170185988092,8.827028068509152,False,True,False,False,True,False
2,14866,0.0,70.0,360.0,1.0,1,1,14866.0,0.19444444444444445,14865.805555555555,4.248495242049359,9.60683200528524,False,True,False,False,False,True
1,1538,1425.0,30.0,360.0,1.0,1,1,2963.0,0.08333333333333333,2962.9166666666665,3.4011973816621555,7.993957547573565,True,True,False,False,False,True
0,10000,1666.0,225.0,360.0,1.0,0,0,11666.0,0.625,11665.375,5.41610040220442,9.364433907313582,False,False,False,False,False,False
0,4860,830.0,125.0,360.0,1.0,1,1,5690.0,0.3472222222222222,5689.652777777777,4.8283137373023015,8.646465527120377,True,True,False,False,True,False
0,6277,0.0,118.0,360.0,0.0,0,0,6277.0,0.3277777777777778,6276.672222222222,4.770684624465665,8.744647438317532,True,False,False,False,False,False
0,2577,3750.0,152.0,360.0,1.0,1,1,6327.0,0.4222222222222222,6326.577777777778,5.0238805208462765,8.752581469146884,True,True,False,True,False,False
0,9166,0.0,244.0,360.0,1.0,0,0,9166.0,0.6777777777777778,9165.322222222223,5.497168225293202,9.123256265069069,True,False,False,False,False,True
2,2281,0.0,113.0,360.0,1.0,0,0,2281.0,0.3138888888888889,2280.686111111111,4.727387818712341,7.732369222284388,True,True,True,False,False,False
0,3254,0.0,50.0,360.0,1.0,1,1,3254.0,0.1388888888888889,3253.8611111111113,3.912023005428146,8.087640287778983,True,False,False,False,False,True
3,39999,0.0,600.0,180.0,0.0,1,1,39999.0,3.3333333333333335,39995.666666666664,6.396929655216146,10.596609732783568,True,True,False,False,True,False
1,6000,0.0,160.0,360.0,1.0,1,1,6000.0,0.4444444444444444,5999.555555555556,5.075173815233827,8.699514748210191,True,True,False,False,False,False
1,9538,0.0,187.0,360.0,1.0,1,1,9538.0,0.5194444444444445,9537.480555555556,5.231108616854587,9.16303909885817,True,True,False,False,False,True
0,2980,2083.0,120.0,360.0,1.0,1,1,5063.0,0.3333333333333333,5062.666666666667,4.787491742782046,8.529714471969909,True,False,False,False,False,False
0,4583,5625.0,255.0,360.0,1.0,1,1,10208.0,0.7083333333333334,10207.291666666666,5.541263545158426,9.23092700558457,True,True,False,False,True,False
0,1863,1041.0,98.0,360.0,1.0,1,1,2904.0,0.2722222222222222,2903.7277777777776,4.584967478670572,7.973844375944687,True,True,True,False,True,False
0,7933,0.0,275.0,360.0,1.0,0,0,7933.0,0.7638888888888888,7932.236111111111,5.616771097666572,8.978786553302003,True,True,False,False,False,True
1,3089,1280.0,121.0,360.0,0.0,0,0,4369.0,0.33611111111111114,4368.663888888889,4.795790545596741,8.382289428951436,True,True,False,False,True,False
2,4167,1447.0,158.0,360.0,1.0,1,1,5614.0,0.4388888888888889,5613.561111111111,5.062595033026967,8.633018756921828,True,True,False,False,False,False
0,9323,0.0,75.0,180.0,1.0,1,1,9323.0,0.4166666666666667,9322.583333333334,4.31748811353631,9.140239744296693,True,True,False,False,False,True
0,3707,3166.0,182.0,360.0,1.0,1,1,6873.0,0.5055555555555555,6872.4944444444445,5.204006687076795,8.835355971121606,True,True,False,False,False,False
0,4583,0.0,112.0,360.0,1.0,0,0,4583.0,0.3111111111111111,4582.688888888889,4.718498871295094,8.430109084509125,False,True,False,False,False,False
0,2439,3333.0,129.0,360.0,1.0,1,1,5772.0,0.35833333333333334,5771.641666666666,4.859812404361672,8.660773919893762,True,True,False,False,False,False
0,2237,0.0,63.0,480.0,0.0,0,0,2237.0,0.13125,2236.86875,4.143134726391533,7.71289096149013,True,False,False,False,True,False
2,8000,0.0,200.0,360.0,1.0,1,1,8000.0,0.5555555555555556,7999.444444444444,5.298317366548036,8.987196820661973,True,True,False,False,True,False
0,1820,1769.0,95.0,360.0,1.0,1,1,3589.0,0.2638888888888889,3588.7361111111113,4.553876891600541,8.185628891147607,True,True,True,False,False,False
3,51763,0.0,700.0,300.0,1.0,1,1,51763.0,2.3333333333333335,51760.666666666664,6.551080335043404,10.854430887309706,True,True,False,False,False,True
3,3522,0.0,81.0,180.0,1.0,0,0,3522.0,0.45,3521.55,4.394449154672439,8.166784289056151,True,True,True,False,False,False
0,5708,5625.0,187.0,360.0,1.0,1,1,11333.0,0.5194444444444445,11332.480555555556,5.231108616854587,9.335474102732949,True,True,False,False,True,False
0,4344,736.0,87.0,360.0,1.0,0,0,5080.0,0.24166666666666667,5079.758333333333,4.465908118654584,8.533066540572527,True,True,True,True,True,False
0,3497,1964.0,116.0,360.0,1.0,1,1,5461.0,0.32222222222222224,5460.677777777778,4.7535901911063645,8.605387202152153,True,True,False,False,False,False
2,2045,1619.0,101.0,360.0,1.0,1,1,3664.0,0.28055555555555556,3663.7194444444444,4.61512051684126,8.20631072579402,True,True,False,False,False,False
3,5516,11300.0,495.0,360.0,0.0,0,0,16816.0,1.375,16814.625,6.20455776256869,9.730086093116732,True,True,False,False,True,False
1,3750,0.0,116.0,360.0,1.0,1,1,3750.0,0.32222222222222224,3749.677777777778,4.7535901911063645,8.229511118964457,True,True,False,False,True,False
0,2333,1451.0,102.0,480.0,0.0,0,0,3784.0,0.2125,3783.7875,4.624972813284271,8.238536930171769,True,False,True,False,False,True
1,6400,7250.0,180.0,360.0,0.0,0,0,13650.0,0.5,13649.5,5.19295685089021,9.521494800613105,True,True,False,False,False,True
0,1916,5063.0,67.0,360.0,1.0,0,0,6979.0,0.18611111111111112,6978.813888888889,4.204692619390966,8.850660919017152,True,False,False,False,False,False
0,4600,0.0,73.0,180.0,1.0,1,1,4600.0,0.40555555555555556,4599.594444444445,4.290459441148391,8.433811582477187,True,True,False,False,True,False
1,33846,0.0,260.0,360.0,1.0,0,0,33846.0,0.7222222222222222,33845.27777777778,5.560681631015528,10.429576102968031,True,True,False,False,True,False
0,3625,0.0,108.0,360.0,1.0,1,1,3625.0,0.3,3624.7,4.68213122712422,8.195609567288775,False,True,False,False,True,False
0,39147,4750.0,120.0,360.0,1.0,1,1,43897.0,0.3333333333333333,43896.666666666664,4.787491742782046,10.689601259598334,True,True,False,True,True,False
1,2178,0.0,66.0,300.0,0.0,0,0,2178.0,0.22,2177.78,4.189654742026425,7.686162303492906,True,True,False,True,False,False
0,2383,2138.0,58.0,360.0,1.0,1,1,4521.0,0.16111111111111112,4520.8388888888885,4.060443010546419,8.416488487294606,True,True,False,False,False,False
0,674,5296.0,168.0,360.0,1.0,1,1,5970.0,0.4666666666666667,5969.533333333334,5.123963979403259,8.694502206386648,True,True,False,True,False,False
0,9328,0.0,188.0,180.0,1.0,1,1,9328.0,1.0444444444444445,9326.955555555556,5.236441962829949,9.140775908590273,True,True,False,False,False,False
0,4885,0.0,48.0,360.0,1.0,1,1,4885.0,0.13333333333333333,4884.866666666667,3.871201010907891,8.493924564476883,True,False,True,False,False,False
0,12000,0.0,164.0,360.0,1.0,0,0,12000.0,0.45555555555555555,11999.544444444444,5.099866427824199,9.392661928770137,True,False,False,False,True,False
0,6033,0.0,160.0,360.0,1.0,0,0,6033.0,0.4444444444444444,6032.555555555556,5.075173815233827,8.704999678440762,True,True,True,False,False,True
0,3858,0.0,76.0,360.0,1.0,1,1,3858.0,0.2111111111111111,3857.788888888889,4.330733340286331,8.257904193465674,True,False,False,False,True,False
0,4191,0.0,120.0,360.0,1.0,1,1,4191.0,0.3333333333333333,4190.666666666667,4.787491742782046,8.340694647925071,True,False,False,False,False,False
1,3125,2583.0,170.0,360.0,1.0,0,0,5708.0,0.4722222222222222,5707.527777777777,5.135798437050262,8.649623978596727,True,True,False,False,True,False
0,8333,3750.0,187.0,360.0,1.0,1,1,12083.0,0.5194444444444445,12082.480555555556,5.231108616854587,9.399554785027307,True,False,False,False,False,False
0,1907,2365.0,120.0,360.0,1.0,1,1,4272.0,0.3333333333333333,4271.666666666667,4.787491742782046,8.35983738064003,False,False,True,False,False,True
0,3416,2816.0,113.0,360.0,1.0,1,1,6232.0,0.3138888888888889,6231.686111111111,4.727387818712341,8.737452587550584,False,True,False,False,True,False
0,11000,0.0,83.0,360.0,1.0,0,0,11000.0,0.23055555555555557,10999.769444444444,4.418840607796598,9.305650551780507,True,False,False,True,False,True
1,2600,2500.0,90.0,360.0,1.0,1,1,5100.0,0.25,5099.75,4.499809670330265,8.536995818712418,True,True,True,False,True,False
2,4923,0.0,166.0,360.0,0.0,1,1,4923.0,0.46111111111111114,4922.538888888889,5.111987788356544,8.5016733797582,True,False,False,False,True,False
3,3992,0.0,128.0,180.0,1.0,0,0,3992.0,0.7111111111111111,3991.288888888889,4.852030263919617,8.292047637431354,True,True,True,False,False,True
1,3500,1083.0,135.0,360.0,1.0,1,1,4583.0,0.375,4582.625,4.90527477843843,8.430109084509125,True,True,True,False,False,True
2,3917,0.0,124.0,360.0,1.0,1,1,3917.0,0.34444444444444444,3916.6555555555556,4.820281565605037,8.27308133366583,True,True,True,False,True,False
0,4408,0.0,120.0,360.0,1.0,1,1,4408.0,0.3333333333333333,4407.666666666667,4.787491742782046,8.391176350832751,False,False,True,False,True,False
0,3244,0.0,80.0,360.0,1.0,1,1,3244.0,0.2222222222222222,3243.777777777778,4.382026634673881,8.084562415235304,False,False,False,False,False,True
0,3975,2531.0,55.0,360.0,1.0,1,1,6506.0,0.1527777777777778,6505.847222222223,4.007333185232471,8.780480107033297,True,False,True,False,False,False
0,2479,0.0,59.0,360.0,1.0,1,1,2479.0,0.1638888888888889,2478.836111111111,4.07753744390572,7.8156105320351905,True,False,False,False,False,True
0,3418,0.0,127.0,360.0,1.0,0,0,3418.0,0.3527777777777778,3417.6472222222224,4.844187086458591,8.136810863675537,True,False,False,False,True,False
0,10000,0.0,214.0,360.0,1.0,0,0,10000.0,0.5944444444444444,9999.405555555555,5.365976015021851,9.210340371976184,False,False,False,False,True,False
3,3430,1250.0,128.0,360.0,0.0,0,0,4680.0,0.35555555555555557,4679.644444444444,4.852030263919617,8.451053388911692,True,True,False,False,True,False
1,7787,0.0,240.0,360.0,1.0,1,1,7787.0,0.6666666666666666,7786.333333333333,5.480638923341991,8.960210955576986,True,True,False,True,False,True
3,5703,0.0,130.0,360.0,1.0,1,1,5703.0,0.3611111111111111,5702.638888888889,4.867534450455582,8.648747631156539,True,True,True,True,False,False
0,3173,3021.0,137.0,360.0,1.0,1,1,6194.0,0.38055555555555554,6193.6194444444445,4.919980925828125,8.731336360533149,True,True,False,False,False,True
3,3850,983.0,100.0,360.0,1.0,1,1,4833.0,0.2777777777777778,4832.722222222223,4.605170185988092,8.483222671845084,True,True,True,False,True,False
0,150,1800.0,135.0,360.0,1.0,0,0,1950.0,0.375,1949.625,4.90527477843843,7.575584651557793,True,True,False,False,False,False
0,3727,1775.0,131.0,360.0,1.0,1,1,5502.0,0.3638888888888889,5501.636111111111,4.875197323201151,8.61286694148452,True,True,False,False,True,False
2,5000,0.0,72.0,360.0,0.0,0,0,5000.0,0.2,4999.8,4.276666119016055,8.517193191416238,True,True,False,False,True,False
2,4283,2383.0,127.0,360.0,1.0,1,1,6666.0,0.3527777777777778,6665.647222222222,4.844187086458591,8.804775258867686,False,True,False,False,True,False
0,2221,0.0,60.0,360.0,0.0,0,0,2221.0,0.16666666666666666,2220.8333333333335,4.0943445622221,7.7057128238944275,True,True,False,False,False,True
2,4009,1717.0,116.0,360.0,1.0,1,1,5726.0,0.32222222222222224,5725.677777777778,4.7535901911063645,8.65277248565806,True,True,False,False,True,False
0,2971,2791.0,144.0,360.0,1.0,1,1,5762.0,0.4,5761.6,4.969813299576001,8.659039915644474,True,False,False,False,True,False
0,7578,1010.0,175.0,360.0,1.0,1,1,8588.0,0.4861111111111111,8587.513888888889,5.1647859739235145,9.058121158998672,True,True,False,False,True,False
0,6250,0.0,128.0,360.0,1.0,1,1,6250.0,0.35555555555555557,6249.644444444444,4.852030263919617,8.740336742730447,True,True,False,False,True,False
0,3250,0.0,170.0,360.0,1.0,0,0,3250.0,0.4722222222222222,3249.527777777778,5.135798437050262,8.086410275323782,True,True,False,False,False,False
0,4735,0.0,138.0,360.0,1.0,0,0,4735.0,0.38333333333333336,4734.616666666667,4.927253685157205,8.462737005620179,True,True,True,True,False,True
2,6250,1695.0,210.0,360.0,1.0,1,1,7945.0,0.5833333333333334,7944.416666666667,5.3471075307174685,8.980298078970817,True,True,False,False,True,False
0,4758,0.0,158.0,480.0,1.0,1,1,4758.0,0.32916666666666666,4757.670833333334,5.062595033026967,8.467582690862903,True,True,False,False,True,False
0,6400,0.0,200.0,360.0,1.0,1,1,6400.0,0.5555555555555556,6399.444444444444,5.298317366548036,8.764053269347762,True,False,False,True,False,False
1,2491,2054.0,104.0,360.0,1.0,1,1,4545.0,0.28888888888888886,4544.711111111111,4.6443908991413725,8.421783006611578,True,True,False,False,True,False
0,3716,0.0,42.0,180.0,1.0,1,1,3716.0,0.23333333333333334,3715.766666666667,3.7376696182833684,8.22040309993373,True,True,False,False,False,False
0,3189,2598.0,120.0,360.0,1.0,1,1,5787.0,0.3333333333333333,5786.666666666667,4.787491742782046,8.663369301573839,True,False,True,False,False,False
0,8333,0.0,280.0,360.0,1.0,1,1,8333.0,0.7777777777777778,8332.222222222223,5.634789603169249,9.027978814382207,False,False,False,False,True,False
1,3155,1779.0,140.0,360.0,1.0,1,1,4934.0,0.3888888888888889,4933.611111111111,4.941642422609304,8.503905297089302,True,True,False,False,True,False
1,5500,1260.0,170.0,360.0,1.0,1,1,6760.0,0.4722222222222222,6759.527777777777,5.135798437050262,8.81877816903701,True,True,False,False,False,False
0,5746,0.0,255.0,360.0,1.0,0,0,5746.0,0.7083333333333334,5745.291666666667,5.541263545158426,8.656259239539235,True,True,False,False,False,True
0,3463,0.0,122.0,360.0,1.0,1,1,3463.0,0.3388888888888889,3462.661111111111,4.804021044733257,8.149890544402423,False,False,False,True,False,True
1,3812,0.0,112.0,360.0,1.0,1,1,3812.0,0.3111111111111111,3811.688888888889,4.718498871295094,8.245909264774093,False,False,False,False,False,False
1,3315,0.0,96.0,360.0,1.0,1,1,3315.0,0.26666666666666666,3314.733333333333,4.564348191467836,8.106212902619962,True,True,False,False,True,False
2,5819,5000.0,120.0,360.0,1.0,1,1,10819.0,0.3333333333333333,10818.666666666666,4.787491742782046,9.289059126687574,True,True,False,False,False,False
1,2510,1983.0,140.0,180.0,1.0,0,0,4493.0,0.7777777777777778,4492.222222222223,4.941642422609304,8.41027590907016,True,True,True,False,False,True
0,2965,5701.0,155.0,60.0,1.0,1,1,8666.0,2.5833333333333335,8663.416666666666,5.043425116919247,9.067162602299854,True,False,False,False,False,True
2,6250,1300.0,108.0,360.0,1.0,1,1,7550.0,0.3,7549.7,4.68213122712422,8.92930284224307,True,True,False,True,False,False
0,3406,4417.0,123.0,360.0,1.0,1,1,7823.0,0.3416666666666667,7822.658333333334,4.812184355372417,8.96482339168508,True,True,True,False,True,False
0,6050,4333.0,120.0,180.0,1.0,0,0,10383.0,0.6666666666666666,10382.333333333334,4.787491742782046,9.247925132303454,True,False,False,True,False,True
2,9703,0.0,112.0,360.0,1.0,1,1,9703.0,0.3111111111111111,9702.68888888889,4.718498871295094,9.1801903950253,True,True,False,False,False,True
1,6608,0.0,137.0,180.0,1.0,1,1,6608.0,0.7611111111111111,6607.238888888889,4.919980925828125,8.796036315200814,True,True,True,False,False,True
1,2882,1843.0,123.0,480.0,1.0,1,1,4725.0,0.25625,4724.74375,4.812184355372417,8.460622839927844,True,True,False,False,True,False
0,1809,1868.0,90.0,360.0,1.0,1,1,3677.0,0.25,3676.75,4.499809670330265,8.209852481301272,True,True,False,False,False,True
0,1668,3890.0,201.0,360.0,0.0,0,0,5558.0,0.5583333333333333,5557.441666666667,5.303304908059076,8.62299361030245,True,True,True,False,True,False
2,3427,0.0,138.0,360.0,1.0,0,0,3427.0,0.38333333333333336,3426.616666666667,4.927253685157205,8.139440521874608,False,False,False,False,False,True
0,2583,2167.0,104.0,360.0,1.0,1,1,4750.0,0.28888888888888886,4749.711111111111,4.6443908991413725,8.465899897028686,True,False,True,True,False,False
1,2661,7101.0,279.0,180.0,1.0,1,1,9762.0,1.55,9760.45,5.631211781821365,9.186252576447092,True,True,True,False,True,False
0,16250,0.0,192.0,360.0,0.0,0,0,16250.0,0.5333333333333333,16249.466666666667,5.2574953720277815,9.695848187757884,True,False,False,True,False,True
3,3083,0.0,255.0,360.0,1.0,1,1,3083.0,0.7083333333333334,3082.2916666666665,5.541263545158426,8.03365842788615,False,False,False,False,False,False
0,6045,0.0,115.0,360.0,0.0,0,0,6045.0,0.3194444444444444,6044.680555555556,4.74493212836325,8.706986763048892,True,False,True,False,False,False
3,5250,0.0,94.0,360.0,1.0,0,0,5250.0,0.2611111111111111,5249.738888888889,4.543294782270004,8.565983355585669,True,True,False,False,False,True
0,14683,2100.0,304.0,360.0,1.0,0,0,16783.0,0.8444444444444444,16782.155555555557,5.717027701406222,9.72812174830818,True,True,False,False,False,False
3,4931,0.0,128.0,360.0,1.0,0,0,4931.0,0.35555555555555557,4930.644444444444,4.852030263919617,8.503297086224126,True,True,True,False,True,False
1,6083,4250.0,330.0,360.0,1.0,1,1,10333.0,0.9166666666666666,10332.083333333334,5.799092654460526,9.243097936214355,True,True,False,False,False,True
0,2060,2209.0,134.0,360.0,1.0,1,1,4269.0,0.37222222222222223,4268.627777777778,4.897839799950911,8.359134886757962,True,False,False,False,True,False
1,3481,0.0,155.0,36.0,1.0,0,0,3481.0,4.305555555555555,3476.6944444444443,5.043425116919247,8.15507488781144,False,False,False,False,True,False
0,7200,0.0,120.0,360.0,1.0,1,1,7200.0,0.3333333333333333,7199.666666666667,4.787491742782046,8.881836305004146,False,False,False,False,False,False
0,5166,0.0,128.0,360.0,1.0,1,1,5166.0,0.35555555555555557,5165.644444444444,4.852030263919617,8.549853973655786,True,False,False,True,True,False
0,4095,3447.0,151.0,360.0,1.0,1,1,7542.0,0.41944444444444445,7541.580555555555,5.017279836814924,8.928242677818302,True,False,False,False,False,False
2,4708,1387.0,150.0,360.0,1.0,1,1,6095.0,0.4166666666666667,6094.583333333333,5.0106352940962555,8.715224041915372,True,True,False,False,True,False
3,4333,1811.0,160.0,360.0,0.0,1,1,6144.0,0.4444444444444444,6143.555555555556,5.075173815233827,8.723231274827508,True,True,False,False,False,True
0,3418,0.0,135.0,360.0,1.0,0,0,3418.0,0.375,3417.625,4.90527477843843,8.136810863675537,False,False,False,False,False,False
1,2876,1560.0,90.0,360.0,1.0,1,1,4436.0,0.25,4435.75,4.499809670330265,8.397508348470257,False,False,False,False,False,True
0,3237,0.0,30.0,360.0,1.0,1,1,3237.0,0.08333333333333333,3236.9166666666665,3.4011973816621555,8.082402253926244,False,False,False,False,False,True
0,11146,0.0,136.0,360.0,1.0,1,1,11146.0,0.37777777777777777,11145.622222222222,4.912654885736052,9.318835968129482,True,True,False,False,False,True
0,2833,1857.0,126.0,360.0,1.0,1,1,4690.0,0.35,4689.65,4.836281906951478,8.453187861440325,True,False,False,False,False,False
0,2620,2223.0,150.0,360.0,1.0,1,1,4843.0,0.4166666666666667,4842.583333333333,5.0106352940962555,8.48528964240323,True,True,False,False,True,False
2,3900,0.0,90.0,360.0,1.0,1,1,3900.0,0.25,3899.75,4.499809670330265,8.268731832117737,True,True,False,False,True,False
1,2750,1842.0,115.0,360.0,1.0,1,1,4592.0,0.3194444444444444,4591.680555555556,4.74493212836325,8.432070937999402,True,True,False,False,True,False
0,3993,3274.0,207.0,360.0,1.0,1,1,7267.0,0.575,7266.425,5.332718793265369,8.891098830616636,True,True,False,False,True,False
0,3103,1300.0,80.0,360.0,1.0,1,1,4403.0,0.2222222222222222,4402.777777777777,4.382026634673881,8.390041405755754,True,True,False,False,False,True
0,14583,0.0,436.0,360.0,1.0,1,1,14583.0,1.211111111111111,14581.788888888888,6.077642243349034,9.587611745713565,True,True,False,False,True,False
0,4100,0.0,124.0,360.0,1.0,1,1,4100.0,0.34444444444444444,4099.655555555555,4.820281565605037,8.318742252692399,False,True,True,False,False,False
1,4053,2426.0,158.0,360.0,0.0,0,0,6479.0,0.4388888888888889,6478.561111111111,5.062595033026967,8.776321456449958,True,False,True,True,False,True
0,3927,800.0,112.0,360.0,1.0,1,1,4727.0,0.3111111111111111,4726.688888888889,4.718498871295094,8.461046030793236,True,True,False,False,True,False
2,2301,985.7999878,78.0,180.0,1.0,1,1,3286.7999878,0.43333333333333335,3286.3666544666667,4.356708826689592,8.097669722345216,True,True,False,False,False,True
0,1811,1666.0,54.0,360.0,1.0,1,1,3477.0,0.15,3476.85,3.9889840465642745,8.153925132007862,False,False,False,False,False,True
0,20667,0.0,128.0,360.0,1.0,0,0,20667.0,0.35555555555555557,20666.644444444446,4.852030263919617,9.936293504261306,True,True,False,False,False,False
0,3158,3053.0,89.0,360.0,1.0,1,1,6211.0,0.24722222222222223,6210.752777777778,4.48863636973214,8.734077192559303,True,False,False,False,False,False
0,2600,1717.0,99.0,300.0,1.0,0,0,4317.0,0.33,4316.67,4.59511985013459,8.370315995555478,False,False,False,True,True,False
0,3704,2000.0,120.0,360.0,1.0,1,1,5704.0,0.3333333333333333,5703.666666666667,4.787491742782046,8.648922962094131,True,True,False,False,False,False
0,4124,0.0,115.0,360.0,1.0,1,1,4124.0,0.3194444444444444,4123.680555555556,4.74493212836325,8.32457884513685,False,False,False,False,True,False
0,9508,0.0,187.0,360.0,1.0,1,1,9508.0,0.5194444444444445,9507.480555555556,5.231108616854587,9.159888828480085,True,False,False,False,False,False
0,3075,2416.0,139.0,360.0,1.0,1,1,5491.0,0.3861111111111111,5490.613888888889,4.9344739331306915,8.610865667278873,True,True,False,False,False,False
2,4400,0.0,127.0,360.0,0.0,0,0,4400.0,0.3527777777777778,4399.647222222222,4.844187086458591,8.389359819906353,True,True,False,False,True,False
2,3153,1560.0,134.0,360.0,1.0,1,1,4713.0,0.37222222222222223,4712.627777777778,4.897839799950911,8.45807992692373,True,True,False,False,False,True
0,5417,0.0,143.0,480.0,0.0,0,0,5417.0,0.29791666666666666,5416.702083333334,4.962844630259907,8.597297435657898,False,False,False,False,False,True
0,2383,3334.0,172.0,360.0,1.0,1,1,5717.0,0.4777777777777778,5716.522222222222,5.147494476813453,8.651199471263972,True,True,False,False,True,False
3,4416,1250.0,110.0,360.0,1.0,1,1,5666.0,0.3055555555555556,5665.694444444444,4.700480365792417,8.642238680390461,True,True,False,False,False,True
1,6875,0.0,200.0,360.0,1.0,1,1,6875.0,0.5555555555555556,6874.444444444444,5.298317366548036,8.835646922534773,True,True,False,False,True,False
1,4666,0.0,135.0,360.0,1.0,1,1,4666.0,0.375,4665.625,4.90527477843843,8.448057452581375,False,True,False,False,False,True
0,5000,2541.0,151.0,480.0,1.0,0,0,7541.0,0.3145833333333333,7540.685416666666,5.017279836814924,8.928110078202646,False,False,False,False,False,False
1,2014,2925.0,113.0,360.0,1.0,0,0,4939.0,0.3138888888888889,4938.686111111111,4.727387818712341,8.504918160540624,True,True,False,False,False,True
0,1800,2934.0,93.0,360.0,0.0,0,0,4734.0,0.25833333333333336,4733.741666666667,4.532599493153256,8.46252579007393,True,True,True,False,False,True
0,2875,1750.0,105.0,360.0,1.0,1,1,4625.0,0.2916666666666667,4624.708333333333,4.653960350157523,8.439231649946526,True,True,True,False,True,False
0,5000,0.0,132.0,360.0,1.0,1,1,5000.0,0.36666666666666664,4999.633333333333,4.882801922586371,8.517193191416238,False,False,False,False,False,False
1,1625,1803.0,96.0,360.0,1.0,1,1,3428.0,0.26666666666666666,3427.733333333333,4.564348191467836,8.13973227971767,True,True,False,False,False,True
0,4000,2500.0,140.0,360.0,1.0,1,1,6500.0,0.3888888888888889,6499.611111111111,4.941642422609304,8.779557455883728,True,False,False,False,False,False
0,2000,0.0,128.0,360.0,1.0,0,0,2000.0,0.35555555555555557,1999.6444444444444,4.852030263919617,7.600902459542082,True,False,True,False,False,True
0,3762,1666.0,135.0,360.0,1.0,1,1,5428.0,0.375,5427.625,4.90527477843843,8.59932602095476,False,False,False,False,False,False
0,2400,1863.0,104.0,360.0,0.0,0,0,4263.0,0.28888888888888886,4262.711111111111,4.6443908991413725,8.35772841676521,False,False,False,False,False,True
0,20233,0.0,480.0,360.0,1.0,0,0,20233.0,1.3333333333333333,20231.666666666668,6.173786103901937,9.915070213779195,True,False,False,False,False,False
2,7667,0.0,185.0,360.0,1.0,1,1,7667.0,0.5138888888888888,7666.486111111111,5.220355825078324,8.944680683558895,True,True,True,False,False,False
0,2917,0.0,84.0,360.0,1.0,1,1,2917.0,0.23333333333333334,2916.766666666667,4.430816798843313,7.978310969867722,False,False,False,False,True,False
0,2927,2405.0,111.0,360.0,1.0,1,1,5332.0,0.30833333333333335,5331.691666666667,4.709530201312334,8.5814816812986,True,False,True,False,True,False
0,2507,0.0,56.0,360.0,1.0,1,1,2507.0,0.15555555555555556,2506.8444444444444,4.02535169073515,7.826842098158293,False,False,False,False,False,False
2,5746,0.0,144.0,84.0,1.0,1,1,5746.0,1.7142857142857142,5744.285714285715,4.969813299576001,8.656259239539235,True,True,False,True,False,False
0,2473,1843.0,159.0,360.0,1.0,0,0,4316.0,0.44166666666666665,4315.558333333333,5.0689042022202315,8.370084326378025,True,True,False,False,False,False
1,3399,1640.0,111.0,180.0,1.0,1,1,5039.0,0.6166666666666667,5038.383333333333,4.709530201312334,8.524962928680598,True,True,True,False,False,True
2,3717,0.0,120.0,360.0,1.0,1,1,3717.0,0.3333333333333333,3716.6666666666665,4.787491742782046,8.220672170297252,True,True,False,False,True,False
0,2058,2134.0,88.0,360.0,1.0,1,1,4192.0,0.24444444444444444,4191.7555555555555,4.477336814478207,8.340933226000878,True,True,False,False,False,True
1,3541,0.0,112.0,360.0,1.0,1,1,3541.0,0.3111111111111111,3540.688888888889,4.718498871295094,8.172164452111904,False,False,False,False,True,False
1,10000,0.0,155.0,360.0,1.0,0,0,10000.0,0.4305555555555556,9999.569444444445,5.043425116919247,9.210340371976184,True,True,False,True,False,False
0,2400,2167.0,115.0,360.0,1.0,1,1,4567.0,0.3194444444444444,4566.680555555556,4.74493212836325,8.426611813185,True,True,False,False,True,False
3,4342,189.0,124.0,360.0,1.0,1,1,4531.0,0.34444444444444444,4530.655555555555,4.820281565605037,8.418697944667139,True,True,False,False,True,False
2,3601,1590.0,128.0,360.0,1.0,1,1,5191.0,0.35555555555555557,5190.644444444444,4.852030263919617,8.55468163582723,True,True,True,False,False,False
0,3166,2985.0,132.0,360.0,1.0,1,1,6151.0,0.36666666666666664,6150.633333333333,4.882801922586371,8.724369949208368,False,False,False,False,False,False
3,15000,0.0,300.0,360.0,1.0,1,1,15000.0,0.8333333333333334,14999.166666666666,5.703782474656201,9.615805480084347,True,True,False,False,False,False
1,8666,4983.0,376.0,360.0,0.0,0,0,13649.0,1.0444444444444445,13647.955555555556,5.929589143389895,9.521421537856195,True,True,False,True,False,False
0,4917,0.0,130.0,360.0,0.0,1,1,4917.0,0.3611111111111111,4916.638888888889,4.867534450455582,8.50045386741194,True,False,False,False,False,False
0,5818,2160.0,184.0,360.0,1.0,1,1,7978.0,0.5111111111111111,7977.488888888889,5.214935757608986,8.984443032465352,True,True,False,True,True,False
0,4333,2451.0,110.0,360.0,1.0,0,0,6784.0,0.3055555555555556,6783.694444444444,4.700480365792417,8.822322177471738,False,True,False,False,False,True
0,2500,0.0,67.0,360.0,1.0,1,1,2500.0,0.18611111111111112,2499.813888888889,4.204692619390966,7.824046010856292,False,False,False,False,False,True
1,4384,1793.0,117.0,360.0,1.0,1,1,6177.0,0.325,6176.675,4.762173934797756,8.728587995695898,True,False,False,False,False,True
0,2935,0.0,98.0,360.0,1.0,1,1,2935.0,0.2722222222222222,2934.7277777777776,4.584967478670572,7.984462732262196,True,False,False,False,True,False
0,2833,0.0,71.0,360.0,1.0,1,1,2833.0,0.19722222222222222,2832.802777777778,4.2626798770413155,7.949091499830517,True,False,False,False,False,True
0,63337,0.0,490.0,180.0,1.0,1,1,63337.0,2.7222222222222223,63334.27777777778,6.194405391104672,11.05622495553552,True,True,False,False,False,True
1,9833,1833.0,182.0,180.0,1.0,1,1,11666.0,1.011111111111111,11664.988888888889,5.204006687076795,9.364433907313582,True,True,False,True,False,True
0,5503,4490.0,70.0,360.0,1.0,1,1,9993.0,0.19444444444444445,9992.805555555555,4.248495242049359,9.209640126861789,True,True,False,True,True,False
1,5250,688.0,160.0,360.0,1.0,1,1,5938.0,0.4444444444444444,5937.555555555556,5.075173815233827,8.689127655323706,True,True,False,False,False,False
2,2500,4600.0,176.0,360.0,1.0,1,1,7100.0,0.4888888888888889,7099.511111111111,5.170483995038151,8.867850063029406,True,True,False,True,False,False
3,1830,0.0,128.0,360.0,0.0,0,0,1830.0,0.35555555555555557,1829.6444444444444,4.852030263919617,7.512071245835466,False,False,True,False,False,True
0,4160,0.0,71.0,360.0,1.0,1,1,4160.0,0.19722222222222222,4159.802777777778,4.2626798770413155,8.333270353255308,False,False,False,False,True,False
3,2647,1587.0,173.0,360.0,1.0,0,0,4234.0,0.48055555555555557,4233.519444444444,5.153291594497779,8.350902451694811,True,True,True,False,False,False
0,2378,0.0,46.0,360.0,1.0,0,0,2378.0,0.12777777777777777,2377.8722222222223,3.828641396489095,7.774015077250727,False,False,False,False,False,False
1,4554,1229.0,158.0,360.0,1.0,1,1,5783.0,0.4388888888888889,5782.561111111111,5.062595033026967,8.662677858158219,True,True,True,False,False,True
3,3173,0.0,74.0,360.0,1.0,1,1,3173.0,0.20555555555555555,3172.7944444444443,4.30406509320417,8.062432791583195,True,True,True,False,True,False
2,2583,2330.0,125.0,360.0,1.0,1,1,4913.0,0.3472222222222222,4912.652777777777,4.8283137373023015,8.499640032168648,True,True,False,False,False,False
0,2499,2458.0,160.0,360.0,1.0,1,1,4957.0,0.4444444444444444,4956.555555555556,5.075173815233827,8.508555998020574,True,True,False,False,True,False
0,3523,3230.0,152.0,360.0,0.0,0,0,6753.0,0.4222222222222222,6752.577777777778,5.0238805208462765,8.817742129574842,True,True,True,False,False,False
2,3083,2168.0,126.0,360.0,1.0,1,1,5251.0,0.35,5250.65,4.836281906951478,8.566173813637858,True,True,True,False,False,True
0,6333,4583.0,259.0,360.0,1.0,1,1,10916.0,0.7194444444444444,10915.280555555555,5.556828061699537,9.29798488182823,True,True,False,False,True,False
0,2625,6250.0,187.0,360.0,1.0,1,1,8875.0,0.5194444444444445,8874.480555555556,5.231108616854587,9.090993614343617,True,True,False,False,False,False
0,9083,0.0,228.0,360.0,1.0,1,1,9083.0,0.6333333333333333,9082.366666666667,5.429345628954441,9.114159813502214,True,True,False,False,True,False
0,8750,4167.0,308.0,360.0,1.0,0,0,12917.0,0.8555555555555555,12916.144444444444,5.730099782973574,9.466299552232016,True,False,False,False,False,False
3,2666,2083.0,95.0,360.0,1.0,1,1,4749.0,0.2638888888888889,4748.736111111111,4.553876891600541,8.465689348549121,True,True,False,False,False,False
0,5500,0.0,105.0,360.0,0.0,0,0,5500.0,0.2916666666666667,5499.708333333333,4.653960350157523,8.612503371220562,False,True,False,True,False,False
0,2423,505.0,130.0,360.0,1.0,1,1,2928.0,0.3611111111111111,2927.6388888888887,4.867534450455582,7.982074875081202,False,True,False,False,True,False
0,3813,0.0,116.0,180.0,1.0,1,1,3813.0,0.6444444444444445,3812.3555555555554,4.7535901911063645,8.246171559857563,False,False,False,False,False,True
2,8333,3167.0,165.0,360.0,1.0,1,1,11500.0,0.4583333333333333,11499.541666666666,5.10594547390058,9.350102314351341,True,True,False,False,False,False
1,3875,0.0,67.0,360.0,1.0,0,0,3875.0,0.18611111111111112,3874.813888888889,4.204692619390966,8.262300941787448,True,True,False,False,False,True
0,3000,1666.0,100.0,480.0,0.0,0,0,4666.0,0.20833333333333334,4665.791666666667,4.605170185988092,8.448057452581375,True,True,True,False,False,True
3,5167,3167.0,200.0,360.0,1.0,1,1,8334.0,0.5555555555555556,8333.444444444445,5.298317366548036,9.0280988119824,True,True,False,False,True,False
1,4723,0.0,81.0,360.0,1.0,0,0,4723.0,0.225,4722.775,4.394449154672439,8.460199469896118,False,False,False,False,True,False
2,5000,3667.0,236.0,360.0,1.0,1,1,8667.0,0.6555555555555556,8666.344444444445,5.4638318050256105,9.067277989134345,True,True,False,False,True,False
0,4750,2333.0,130.0,360.0,1.0,1,1,7083.0,0.3611111111111111,7082.638888888889,4.867534450455582,8.865452825753623,True,True,False,False,False,True
0,3013,3033.0,95.0,300.0,1.0,1,1,6046.0,0.31666666666666665,6045.683333333333,4.553876891600541,8.707152175339404,True,True,False,False,False,True
0,6822,0.0,141.0,360.0,1.0,1,1,6822.0,0.39166666666666666,6821.608333333334,4.948759890378168,8.82790796297859,True,False,False,True,False,False
0,6216,0.0,133.0,360.0,1.0,0,0,6216.0,0.36944444444444446,6215.6305555555555,4.890349128221754,8.734881892047483,True,False,True,False,False,False
0,2500,0.0,96.0,480.0,1.0,0,0,2500.0,0.2,2499.8,4.564348191467836,7.824046010856292,True,False,False,False,True,False
0,5124,0.0,124.0,360.0,0.0,0,0,5124.0,0.34444444444444444,5123.655555555555,4.820281565605037,8.541690663016626,True,False,False,False,False,False
1,6325,0.0,175.0,360.0,1.0,1,1,6325.0,0.4861111111111111,6324.513888888889,5.1647859739235145,8.752265313595721,True,True,False,False,True,False
0,19730,5266.0,570.0,360.0,1.0,0,0,24996.0,1.5833333333333333,24994.416666666668,6.345636360828596,10.126471091048971,True,True,False,False,False,False
0,15759,0.0,55.0,360.0,1.0,1,1,15759.0,0.1527777777777778,15758.847222222223,4.007333185232471,9.665166909622071,False,False,False,True,True,False
2,5185,0.0,155.0,360.0,1.0,1,1,5185.0,0.4305555555555556,5184.569444444444,5.043425116919247,8.553525120663627,True,True,False,False,True,False
2,9323,7873.0,380.0,300.0,1.0,1,1,17196.0,1.2666666666666666,17194.733333333334,5.940171252720432,9.752432077616172,True,True,False,True,False,False
1,3062,1987.0,111.0,180.0,0.0,0,0,5049.0,0.6166666666666667,5048.383333333333,4.709530201312334,8.526945482858915,True,False,False,False,False,True
0,2764,1459.0,110.0,360.0,1.0,1,1,4223.0,0.3055555555555556,4222.694444444444,4.700480365792417,8.348301054933943,False,False,False,False,False,True
0,4817,923.0,120.0,180.0,1.0,1,1,5740.0,0.6666666666666666,5739.333333333333,4.787491742782046,8.655214489313613,True,True,False,False,False,True
3,8750,4996.0,130.0,360.0,1.0,1,1,13746.0,0.3611111111111111,13745.638888888889,4.867534450455582,9.52850315168155,True,True,False,False,False,False
0,4310,0.0,130.0,360.0,1.0,1,1,4310.0,0.3611111111111111,4309.638888888889,4.867534450455582,8.368693183097793,True,True,False,False,True,False
0,3069,0.0,71.0,480.0,1.0,0,0,3069.0,0.14791666666666667,3068.852083333333,4.2626798770413155,8.029107054619736,True,False,False,False,False,True
2,5391,0.0,130.0,360.0,1.0,1,1,5391.0,0.3611111111111111,5390.638888888889,4.867534450455582,8.592486175451668,True,True,False,False,False,True
0,3333,2500.0,128.0,360.0,1.0,1,1,5833.0,0.35555555555555557,5832.644444444444,4.852030263919617,8.671286726753637,True,True,False,False,True,False
0,5941,4232.0,296.0,360.0,1.0,1,1,10173.0,0.8222222222222222,10172.177777777777,5.69035945432406,9.227492430793749,True,False,False,False,True,False
0,6000,0.0,156.0,360.0,1.0,1,1,6000.0,0.43333333333333335,5999.566666666667,5.049856007249537,8.699514748210191,False,False,False,False,False,True
0,7167,0.0,128.0,360.0,1.0,1,1,7167.0,0.35555555555555557,7166.644444444444,4.852030263919617,8.877242435993919,True,False,False,True,False,True
2,4566,0.0,100.0,360.0,1.0,0,0,4566.0,0.2777777777777778,4565.722222222223,4.605170185988092,8.42639282708974,True,True,False,False,False,True
1,3667,0.0,113.0,180.0,1.0,1,1,3667.0,0.6277777777777778,3666.3722222222223,4.727387818712341,8.207129168071326,True,False,False,False,False,True
0,2346,1600.0,132.0,360.0,1.0,1,1,3946.0,0.36666666666666664,3945.633333333333,4.882801922586371,8.28045768658256,True,False,True,False,True,False
0,3010,3136.0,128.0,360.0,0.0,0,0,6146.0,0.35555555555555557,6145.644444444444,4.852030263919617,8.72355674269043,True,True,True,False,False,True
0,2333,2417.0,136.0,360.0,1.0,1,1,4750.0,0.37777777777777777,4749.622222222222,4.912654885736052,8.465899897028686,True,True,False,False,False,True
0,5488,0.0,125.0,360.0,1.0,1,1,5488.0,0.3472222222222222,5487.652777777777,4.8283137373023015,8.610319169405722,True,True,False,False,False,False
3,9167,0.0,185.0,360.0,1.0,1,1,9167.0,0.5138888888888888,9166.486111111111,5.220355825078324,9.123365357961776,True,False,False,False,False,False
3,9504,0.0,275.0,360.0,1.0,1,1,9504.0,0.7638888888888888,9503.236111111111,5.616771097666572,9.159468041602427,True,True,False,False,False,False
0,2583,2115.0,120.0,360.0,1.0,1,1,4698.0,0.3333333333333333,4697.666666666667,4.787491742782046,8.454892165218858,True,True,False,False,False,True
2,1993,1625.0,113.0,180.0,1.0,1,1,3618.0,0.6277777777777778,3617.3722222222223,4.727387818712341,8.193676665955241,True,True,True,False,True,False
2,3100,1400.0,113.0,360.0,1.0,1,1,4500.0,0.3138888888888889,4499.686111111111,4.727387818712341,8.411832675758411,True,True,False,False,False,True
2,3276,484.0,135.0,360.0,1.0,1,1,3760.0,0.375,3759.625,4.90527477843843,8.23217423638394,True,True,False,False,True,False
0,3180,0.0,71.0,360.0,0.0,0,0,3180.0,0.19722222222222222,3179.802777777778,4.2626798770413155,8.064636475774222,False,False,False,False,False,True
0,3033,1459.0,95.0,360.0,1.0,1,1,4492.0,0.2638888888888889,4491.736111111111,4.553876891600541,8.410053315858335,True,True,False,False,False,True
0,3902,1666.0,109.0,360.0,1.0,1,1,5568.0,0.30277777777777776,5567.697222222222,4.6913478822291435,8.624791202014256,True,False,True,False,False,False
0,1500,1800.0,103.0,360.0,0.0,0,0,3300.0,0.2861111111111111,3299.713888888889,4.634728988229636,8.101677747454572,False,False,False,False,True,False
2,2889,0.0,45.0,180.0,0.0,0,0,2889.0,0.25,2888.75,3.8066624897703196,7.968665700466235,True,True,True,False,False,True
0,2755,0.0,65.0,300.0,1.0,0,0,2755.0,0.21666666666666667,2754.7833333333333,4.174387269895637,7.9211727215870145,True,False,True,False,False,False
0,2500,20000.0,103.0,360.0,1.0,1,1,22500.0,0.2861111111111111,22499.713888888888,4.634728988229636,10.021270588192511,True,False,False,False,True,False
0,1963,0.0,53.0,360.0,1.0,1,1,1963.0,0.14722222222222223,1962.8527777777779,3.970291913552122,7.5822291942764615,False,False,True,False,True,False
0,7441,0.0,194.0,360.0,1.0,0,0,7441.0,0.5388888888888889,7440.461111111111,5.267858159063328,8.914760527397261,False,False,False,True,False,False
0,4547,0.0,115.0,360.0,1.0,1,1,4547.0,0.3194444444444444,4546.680555555556,4.74493212836325,8.42222295382501,False,False,False,False,True,False
0,2167,2400.0,115.0,360.0,1.0,1,1,4567.0,0.3194444444444444,4566.680555555556,4.74493212836325,8.426611813185,True,True,True,False,False,True
0,2213,0.0,66.0,360.0,1.0,1,1,2213.0,0.18333333333333332,2212.8166666666666,4.189654742026425,7.70210434005105,False,False,True,False,False,False
1,8300,0.0,152.0,300.0,0.0,0,0,8300.0,0.5066666666666667,8299.493333333334,5.0238805208462765,9.02401079378469,True,True,False,False,True,False
3,81000,0.0,360.0,360.0,0.0,0,0,81000.0,1.0,80999.0,5.886104031450156,11.302204433654575,True,True,False,False,False,False
1,3867,0.0,62.0,360.0,1.0,0,0,3867.0,0.17222222222222222,3866.8277777777776,4.127134385045092,8.260234291607297,False,False,True,True,True,False
0,6256,0.0,160.0,360.0,1.0,1,1,6256.0,0.4444444444444444,6255.555555555556,5.075173815233827,8.741296282225147,True,True,False,False,False,True
0,6096,0.0,218.0,360.0,0.0,0,0,6096.0,0.6055555555555555,6095.394444444444,5.384495062789089,8.715388097366482,True,True,True,False,False,False
0,2253,2033.0,110.0,360.0,1.0,1,1,4286.0,0.3055555555555556,4285.694444444444,4.700480365792417,8.363109176033522,True,True,True,False,False,False
0,2149,3237.0,178.0,360.0,0.0,0,0,5386.0,0.49444444444444446,5385.5055555555555,5.181783550292085,8.591558273371545,False,True,True,False,True,False
0,2995,0.0,60.0,360.0,1.0,1,1,2995.0,0.16666666666666666,2994.8333333333335,4.0943445622221,8.00469951054955,False,False,False,False,False,True
1,2600,0.0,160.0,360.0,1.0,0,0,2600.0,0.4444444444444444,2599.5555555555557,5.075173815233827,7.8632667240095735,False,False,False,False,False,True
2,1600,20000.0,239.0,360.0,1.0,0,0,21600.0,0.6638888888888889,21599.33611111111,5.476463551931511,9.980448593672257,True,True,False,True,False,True
0,1025,2773.0,112.0,360.0,1.0,1,1,3798.0,0.3111111111111111,3797.688888888889,4.718498871295094,8.242229891372231,True,True,False,False,False,False
0,3246,1417.0,138.0,360.0,1.0,1,1,4663.0,0.38333333333333336,4662.616666666667,4.927253685157205,8.44741429680832,True,True,False,False,True,False
0,5829,0.0,138.0,360.0,1.0,1,1,5829.0,0.38333333333333336,5828.616666666667,4.927253685157205,8.67060073804555,True,True,False,False,False,False
0,2720,0.0,80.0,360.0,0.0,0,0,2720.0,0.2222222222222222,2719.777777777778,4.382026634673881,7.908387159290043,False,False,True,False,False,True
0,1820,1719.0,100.0,360.0,1.0,1,1,3539.0,0.2777777777777778,3538.722222222222,4.605170185988092,8.171599480345463,True,True,False,False,False,True
1,7250,1667.0,110.0,360.0,0.0,0,0,8917.0,0.3055555555555556,8916.694444444445,4.700480365792417,9.095714846134879,True,True,False,False,False,True
0,14880,0.0,96.0,360.0,1.0,1,1,14880.0,0.26666666666666666,14879.733333333334,4.564348191467836,9.607773308387083,True,True,False,False,True,False
0,2666,4300.0,121.0,360.0,1.0,1,1,6966.0,0.33611111111111114,6965.663888888889,4.795790545596741,8.848796450925947,True,True,False,False,False,False
1,4606,0.0,81.0,360.0,1.0,0,0,4606.0,0.225,4605.775,4.394449154672439,8.43511508038063,False,False,True,False,False,False
2,5935,0.0,133.0,360.0,1.0,1,1,5935.0,0.36944444444444446,5934.6305555555555,4.890349128221754,8.688622307043769,True,True,False,False,True,False
0,2920,16.12000084,87.0,360.0,1.0,1,1,2936.12000084,0.24166666666666667,2935.8783341733333,4.465908118654584,7.984844261119869,True,True,False,False,False,False
0,2717,0.0,60.0,180.0,1.0,1,1,2717.0,0.3333333333333333,2716.6666666666665,4.0943445622221,7.907283609426348,True,False,True,False,False,True
1,8624,0.0,150.0,360.0,1.0,1,1,8624.0,0.4166666666666667,8623.583333333334,5.0106352940962555,9.06230429314878,False,False,False,True,True,False
0,6500,0.0,105.0,360.0,0.0,0,0,6500.0,0.2916666666666667,6499.708333333333,4.653960350157523,8.779557455883728,True,False,False,False,False,False
0,12876,0.0,405.0,360.0,1.0,1,1,12876.0,1.125,12874.875,6.003887067106539,9.463120392418698,True,False,False,False,True,False
0,2425,2340.0,143.0,360.0,1.0,1,1,4765.0,0.3972222222222222,4764.602777777778,4.962844630259907,8.469052816088302,True,True,False,False,True,False
0,3750,0.0,100.0,360.0,1.0,1,1,3750.0,0.2777777777777778,3749.722222222222,4.605170185988092,8.229511118964457,True,False,False,False,False,True
0,10047,0.0,128.0,240.0,1.0,1,1,10047.0,0.5333333333333333,10046.466666666667,4.852030263919617,9.215029361462314,False,True,False,False,True,False
0,1926,1851.0,50.0,360.0,1.0,1,1,3777.0,0.1388888888888889,3776.8611111111113,3.912023005428146,8.236685322712457,True,False,False,False,True,False
0,2213,1125.0,128.0,360.0,1.0,1,1,3338.0,0.35555555555555557,3337.6444444444446,4.852030263919617,8.11312710422178,True,True,False,False,False,True
0,10416,0.0,187.0,360.0,0.0,0,0,10416.0,0.5194444444444445,10415.480555555556,5.231108616854587,9.251098364448351,True,False,False,True,False,True
0,7142,0.0,138.0,360.0,1.0,1,1,7142.0,0.38333333333333336,7141.616666666667,4.927253685157205,8.873748128154395,False,True,True,True,False,False
0,3660,5064.0,187.0,360.0,1.0,1,1,8724.0,0.5194444444444445,8723.480555555556,5.231108616854587,9.07383312732152,True,False,False,False,True,False
0,7901,1833.0,180.0,360.0,1.0,1,1,9734.0,0.5,9733.5,5.19295685089021,9.1833801903934,True,True,False,False,False,False
3,4707,1993.0,148.0,360.0,1.0,1,1,6700.0,0.4111111111111111,6699.5888888888885,4.997212273764115,8.809862805379057,True,False,True,False,True,False
1,37719,0.0,152.0,360.0,1.0,1,1,37719.0,0.4222222222222222,37718.57777777778,5.0238805208462765,10.537919225261291,True,False,False,False,True,False
0,7333,8333.0,175.0,300.0,1.0,1,1,15666.0,0.5833333333333334,15665.416666666666,5.1647859739235145,9.659248037927183,True,True,False,False,False,False
1,3466,1210.0,130.0,360.0,1.0,1,1,4676.0,0.3611111111111111,4675.638888888889,4.867534450455582,8.450198322591959,True,True,False,True,False,False
2,4652,0.0,110.0,360.0,1.0,1,1,4652.0,0.3055555555555556,4651.694444444444,4.700480365792417,8.445052513638554,True,True,True,False,False,False
0,3539,1376.0,55.0,360.0,1.0,0,0,4915.0,0.1527777777777778,4914.847222222223,4.007333185232471,8.500047032581268,True,True,False,False,False,False
2,3340,1710.0,150.0,360.0,0.0,0,0,5050.0,0.4166666666666667,5049.583333333333,5.0106352940962555,8.527143522269405,True,True,False,False,False,False
1,2769,1542.0,190.0,360.0,1.0,0,0,4311.0,0.5277777777777778,4310.472222222223,5.247024072160486,8.368925174747135,True,False,True,True,True,False
2,2309,1255.0,125.0,360.0,0.0,0,0,3564.0,0.3472222222222222,3563.652777777778,4.8283137373023015,8.1786387885907,True,True,True,False,False,False
2,1958,1456.0,60.0,300.0,1.0,1,1,3414.0,0.2,3413.8,4.0943445622221,8.135639903354386,True,True,True,False,False,True
0,3948,1733.0,149.0,360.0,0.0,0,0,5681.0,0.41388888888888886,5680.586111111111,5.003946305945459,8.644882552557126,True,True,False,False,False,False
0,2483,2466.0,90.0,180.0,0.0,1,1,4949.0,0.5,4948.5,4.499809670330265,8.506940814951886,True,True,False,False,False,False
0,7085,0.0,84.0,360.0,1.0,1,1,7085.0,0.23333333333333334,7084.766666666666,4.430816798843313,8.865735152124781,True,False,False,True,True,False
2,3859,0.0,96.0,360.0,1.0,1,1,3859.0,0.26666666666666666,3858.733333333333,4.564348191467836,8.258163361537619,True,True,False,False,True,False
0,4301,0.0,118.0,360.0,1.0,1,1,4301.0,0.3277777777777778,4300.672222222222,4.770684624465665,8.366602832783736,True,True,False,False,False,True
0,3708,2569.0,173.0,360.0,1.0,0,0,6277.0,0.48055555555555557,6276.519444444444,5.153291594497779,8.744647438317532,True,True,False,False,False,True
2,4354,0.0,136.0,360.0,1.0,1,1,4354.0,0.37777777777777777,4353.622222222222,4.912654885736052,8.378850241794492,True,False,False,False,False,False
0,8334,0.0,160.0,360.0,1.0,0,0,8334.0,0.4444444444444444,8333.555555555555,5.075173815233827,9.0280988119824,True,True,False,False,True,False
0,2083,4083.0,160.0,360.0,1.0,1,1,6166.0,0.4444444444444444,6165.555555555556,5.075173815233827,8.726805608446096,True,True,False,True,True,False
3,7740,0.0,128.0,180.0,1.0,1,1,7740.0,0.7111111111111111,7739.288888888889,4.852030263919617,8.954156966583772,True,True,False,False,False,True
0,3015,2188.0,153.0,360.0,1.0,1,1,5203.0,0.425,5202.575,5.030437921392435,8.556990661290303,True,True,False,False,False,False
1,5191,0.0,132.0,360.0,1.0,1,1,5191.0,0.36666666666666664,5190.633333333333,4.882801922586371,8.55468163582723,False,False,True,False,True,False
0,4166,0.0,98.0,360.0,0.0,0,0,4166.0,0.2722222222222222,4165.727777777778,4.584967478670572,8.334711621820917,True,False,False,False,True,False
0,6000,0.0,140.0,360.0,1.0,1,1,6000.0,0.3888888888888889,5999.611111111111,4.941642422609304,8.699514748210191,True,False,False,False,False,False
3,2947,1664.0,70.0,180.0,0.0,0,0,4611.0,0.3888888888888889,4610.611111111111,4.248495242049359,8.436200032206706,True,True,True,False,False,True
0,16692,0.0,110.0,360.0,1.0,1,1,16692.0,0.3055555555555556,16691.694444444445,4.700480365792417,9.722684841711443,True,True,False,False,True,False
2,210,2917.0,98.0,360.0,1.0,1,1,3127.0,0.2722222222222222,3126.7277777777776,4.584967478670572,8.047829357457841,False,True,True,False,True,False
0,4333,2451.0,110.0,360.0,1.0,0,0,6784.0,0.3055555555555556,6783.694444444444,4.700480365792417,8.822322177471738,True,True,False,False,False,True
1,3450,2079.0,162.0,360.0,1.0,1,1,5529.0,0.45,5528.55,5.087596335232384,8.617762246337932,True,True,False,True,True,False
1,2653,1500.0,113.0,180.0,0.0,0,0,4153.0,0.6277777777777778,4152.372222222222,4.727387818712341,8.331586243630754,True,True,True,False,False,False
3,4691,0.0,100.0,360.0,1.0,1,1,4691.0,0.2777777777777778,4690.722222222223,4.605170185988092,8.453401058328458,True,True,False,False,True,False
0,2500,0.0,93.0,360.0,1.0,1,1,2500.0,0.25833333333333336,2499.741666666667,4.532599493153256,7.824046010856292,False,False,False,True,False,True
2,5532,4648.0,162.0,360.0,1.0,1,1,10180.0,0.45,10179.55,5.087596335232384,9.228180290104513,True,False,False,False,False,False
2,16525,1014.0,150.0,360.0,1.0,1,1,17539.0,0.4166666666666667,17538.583333333332,5.0106352940962555,9.772182251758139,True,True,False,True,False,False
2,6700,1750.0,230.0,300.0,1.0,1,1,8450.0,0.7666666666666667,8449.233333333334,5.438079308923196,9.041921720351219,True,True,False,False,True,False
2,2873,1872.0,132.0,360.0,0.0,0,0,4745.0,0.36666666666666664,4744.633333333333,4.882801922586371,8.464846711044029,True,True,False,False,True,False
1,16667,2250.0,86.0,360.0,1.0,1,1,18917.0,0.2388888888888889,18916.76111111111,4.454347296253507,9.847816267665664,True,True,False,True,True,False
2,2947,1603.0,128.0,360.0,1.0,0,0,4550.0,0.35555555555555557,4549.644444444444,4.852030263919617,8.422882511944996,True,True,False,False,False,True
0,4350,0.0,154.0,360.0,1.0,1,1,4350.0,0.42777777777777776,4349.572222222222,5.0369526024136295,8.37793112408273,False,False,True,False,False,False
3,3095,0.0,113.0,360.0,1.0,1,1,3095.0,0.3138888888888889,3094.686111111111,4.727387818712341,8.037543185118697,True,True,True,False,False,False
0,2083,3150.0,128.0,360.0,1.0,1,1,5233.0,0.35555555555555557,5232.644444444444,4.852030263919617,8.562740006372207,True,True,False,False,True,False
0,10833,0.0,234.0,360.0,1.0,1,1,10833.0,0.65,10832.35,5.455321115357702,9.290352309945568,True,True,False,False,True,False
2,8333,0.0,246.0,360.0,1.0,1,1,8333.0,0.6833333333333333,8332.316666666668,5.5053315359323625,9.027978814382207,True,True,False,False,True,False
1,1958,2436.0,131.0,360.0,1.0,1,1,4394.0,0.3638888888888889,4393.636111111111,4.875197323201151,8.387995252944556,True,True,True,False,False,False
2,3547,0.0,80.0,360.0,0.0,0,0,3547.0,0.2222222222222222,3546.777777777778,4.382026634673881,8.173857454773621,True,False,False,False,False,False
1,18333,0.0,500.0,360.0,1.0,0,0,18333.0,1.3888888888888888,18331.61111111111,6.214608098422191,9.816457993563025,True,True,False,False,False,True
2,4583,2083.0,160.0,360.0,1.0,1,1,6666.0,0.4444444444444444,6665.555555555556,5.075173815233827,8.804775258867686,True,True,False,True,True,False
0,2435,0.0,75.0,360.0,1.0,0,0,2435.0,0.20833333333333334,2434.7916666666665,4.31748811353631,7.79770203551669,True,False,False,False,False,True
0,2699,2785.0,96.0,360.0,1.0,1,1,5484.0,0.26666666666666666,5483.733333333334,4.564348191467836,8.609590040682205,True,False,True,False,True,False
1,5333,1131.0,186.0,360.0,1.0,1,1,6464.0,0.5166666666666667,6463.483333333334,5.225746673713202,8.774003600200931,True,True,True,False,False,True
0,3691,0.0,110.0,360.0,1.0,1,1,3691.0,0.3055555555555556,3690.6944444444443,4.700480365792417,8.213652703029998,True,False,True,False,False,False
0,17263,0.0,225.0,360.0,1.0,1,1,17263.0,0.625,17262.375,5.41610040220442,9.756320761816548,False,False,True,True,True,False
0,3597,2157.0,119.0,360.0,0.0,0,0,5754.0,0.33055555555555555,5753.669444444445,4.77912349311153,8.657650544111494,True,True,False,False,False,False
1,3326,913.0,105.0,84.0,1.0,1,1,4239.0,1.25,4237.75,4.653960350157523,8.352082671352637,False,True,False,False,True,False
0,2600,1700.0,107.0,360.0,1.0,1,1,4300.0,0.2972222222222222,4299.702777777778,4.672828834461906,8.366370301681654,True,True,True,False,False,False
0,4625,2857.0,111.0,12.0,1.0,1,1,7482.0,9.25,7472.75,4.709530201312334,8.920255414908091,True,True,False,False,False,True
1,2895,0.0,95.0,360.0,1.0,1,1,2895.0,0.2638888888888889,2894.7361111111113,4.553876891600541,7.970740390007095,True,True,False,True,True,False
0,6283,4416.0,209.0,360.0,0.0,0,0,10699.0,0.5805555555555556,10698.419444444444,5.342334251964811,9.277905558138606,True,False,False,False,False,False
0,645,3683.0,113.0,480.0,1.0,1,1,4328.0,0.23541666666666666,4327.764583333334,4.727387818712341,8.372860820526318,False,False,False,False,False,False
0,3159,0.0,100.0,360.0,1.0,1,1,3159.0,0.2777777777777778,3158.722222222222,4.605170185988092,8.058010800802085,False,False,False,False,True,False
2,4865,5624.0,208.0,360.0,1.0,1,1,10489.0,0.5777777777777777,10488.422222222222,5.337538079701318,9.258082367961604,True,True,False,False,True,False
1,4050,5302.0,138.0,360.0,1.0,0,0,9352.0,0.38333333333333336,9351.616666666667,4.927253685157205,9.143345503151904,True,True,True,False,False,False
0,3814,1483.0,124.0,300.0,1.0,1,1,5297.0,0.41333333333333333,5296.586666666667,4.820281565605037,8.574895901544526,True,True,True,False,True,False
2,3510,4416.0,243.0,360.0,1.0,1,1,7926.0,0.675,7925.325,5.493061443340548,8.97790377375038,True,True,False,False,False,False
0,20833,6667.0,480.0,360.0,1.0,1,1,27500.0,1.3333333333333333,27498.666666666668,6.173786103901937,10.221941283654663,True,True,False,False,False,True
0,3583,0.0,96.0,360.0,1.0,0,0,3583.0,0.26666666666666666,3582.733333333333,4.564348191467836,8.183955717304954,True,False,False,False,False,True
0,2479,3013.0,188.0,360.0,1.0,1,1,5492.0,0.5222222222222223,5491.477777777778,5.236441962829949,8.61104776688786,True,True,False,True,False,True
1,13262,0.0,40.0,360.0,1.0,1,1,13262.0,0.1111111111111111,13261.888888888889,3.6888794541139363,9.492658081928813,False,False,False,False,False,True
0,3598,1287.0,100.0,360.0,1.0,0,0,4885.0,0.2777777777777778,4884.722222222223,4.605170185988092,8.493924564476883,True,False,True,False,False,False
1,6065,2004.0,250.0,360.0,1.0,1,1,8069.0,0.6944444444444444,8068.305555555556,5.521460917862246,8.995784837848506,True,True,False,False,True,False
2,3283,2035.0,148.0,360.0,1.0,1,1,5318.0,0.4111111111111111,5317.5888888888885,4.997212273764115,8.578852571802965,True,True,False,False,False,True
0,2130,6666.0,70.0,180.0,1.0,0,0,8796.0,0.3888888888888889,8795.611111111111,4.248495242049359,9.082052351674651,True,True,False,False,True,False
0,5815,3666.0,311.0,360.0,1.0,0,0,9481.0,0.8638888888888889,9480.136111111111,5.739792912179234,9.15704507491796,True,False,False,False,False,False
3,3466,3428.0,150.0,360.0,1.0,1,1,6894.0,0.4166666666666667,6893.583333333333,5.0106352940962555,8.83840674707681,True,True,False,False,False,False
2,2031,1632.0,113.0,480.0,1.0,1,1,3663.0,0.23541666666666666,3662.764583333333,4.727387818712341,8.206037762778815,False,True,False,False,True,False
0,3074,1800.0,123.0,360.0,0.0,0,0,4874.0,0.3416666666666667,4873.658333333334,4.812184355372417,8.491670234185152,True,True,True,False,True,False
0,4683,1915.0,185.0,360.0,1.0,0,0,6598.0,0.5138888888888888,6597.486111111111,5.220355825078324,8.794521851788527,True,False,False,False,True,False
0,3400,0.0,95.0,360.0,1.0,0,0,3400.0,0.2638888888888889,3399.7361111111113,4.553876891600541,8.131530710604252,False,False,True,False,False,False
2,2192,1742.0,45.0,360.0,1.0,1,1,3934.0,0.125,3933.875,3.8066624897703196,8.277411998949004,True,True,True,False,True,False
0,2500,0.0,55.0,360.0,1.0,1,1,2500.0,0.1527777777777778,2499.847222222222,4.007333185232471,7.824046010856292,True,False,False,False,True,False
3,5677,1424.0,100.0,360.0,1.0,1,1,7101.0,0.2777777777777778,7100.722222222223,4.605170185988092,8.867990898182093,True,True,False,True,False,False
2,7948,7166.0,480.0,360.0,1.0,1,1,15114.0,1.3333333333333333,15112.666666666666,6.173786103901937,9.623376745580666,True,True,False,True,False,False
0,4680,2087.0,128.0,360.0,1.0,0,0,6767.0,0.35555555555555557,6766.644444444444,4.852030263919617,8.819813136232225,True,False,False,False,True,False
2,17500,0.0,400.0,360.0,1.0,1,1,17500.0,1.1111111111111112,17498.88888888889,5.991464547107982,9.769956159911606,True,True,False,True,False,False
0,3775,0.0,110.0,360.0,1.0,1,1,3775.0,0.3055555555555556,3774.6944444444443,4.700480365792417,8.236155661683124,True,True,False,False,True,False
1,5285,1430.0,161.0,360.0,0.0,1,1,6715.0,0.44722222222222224,6714.552777777778,5.081404364984463,8.812099108957337,True,True,True,False,True,False
1,2679,1302.0,94.0,360.0,1.0,1,1,3981.0,0.2611111111111111,3980.738888888889,4.543294782270004,8.289288323000317,True,False,True,False,True,False
0,6783,0.0,130.0,360.0,1.0,1,1,6783.0,0.3611111111111111,6782.638888888889,4.867534450455582,8.82217476094608,True,False,True,False,True,False
0,1025,5500.0,216.0,360.0,1.0,1,1,6525.0,0.6,6524.4,5.375278407684165,8.783396232190894,True,True,False,False,False,False
3,4281,0.0,100.0,360.0,1.0,1,1,4281.0,0.2777777777777778,4280.722222222223,4.605170185988092,8.361941906144946,True,True,False,False,False,True
2,3588,0.0,110.0,360.0,0.0,0,0,3588.0,0.3055555555555556,3587.6944444444443,4.700480365792417,8.185350223178686,True,False,False,False,False,False
1,11250,0.0,196.0,360.0,1.0,0,0,11250.0,0.5444444444444444,11249.455555555556,5.278114659230517,9.328123407632566,True,False,False,False,True,False
0,18165,0.0,125.0,360.0,1.0,1,1,18165.0,0.3472222222222222,18164.652777777777,4.8283137373023015,9.807251944655302,False,False,True,True,False,True
0,2550,2042.0,126.0,360.0,1.0,1,1,4592.0,0.35,4591.65,4.836281906951478,8.432070937999402,True,False,True,False,False,False
0,6133,3906.0,324.0,360.0,1.0,1,1,10039.0,0.9,10038.1,5.780743515792329,9.214232786691527,True,True,False,False,False,True
2,3617,0.0,107.0,360.0,1.0,1,1,3617.0,0.2972222222222222,3616.7027777777776,4.672828834461906,8.193400231952097,True,False,False,False,True,False
0,2917,536.0,66.0,360.0,1.0,0,0,3453.0,0.18333333333333332,3452.8166666666666,4.189654742026425,8.146998697389993,True,True,True,False,False,False
3,6417,0.0,157.0,180.0,1.0,1,1,6417.0,0.8722222222222222,6416.127777777778,5.056245805348308,8.766705997750515,True,True,False,False,False,False
1,4608,2845.0,140.0,180.0,1.0,1,1,7453.0,0.7777777777777778,7452.222222222223,4.941642422609304,8.916371914881694,False,True,False,False,True,False
0,2138,0.0,99.0,360.0,0.0,0,0,2138.0,0.275,2137.725,4.59511985013459,7.6676260915849905,False,False,False,False,True,False
1,3652,0.0,95.0,360.0,1.0,1,1,3652.0,0.2638888888888889,3651.7361111111113,4.553876891600541,8.20303024171486,False,False,False,False,True,False
1,2239,2524.0,128.0,360.0,1.0,1,1,4763.0,0.35555555555555557,4762.644444444444,4.852030263919617,8.46863300080086,True,True,True,False,False,True
0,3017,663.0,102.0,360.0,1.0,1,1,3680.0,0.2833333333333333,3679.7166666666667,4.624972813284271,8.210668031162976,False,True,True,False,True,False
0,2768,1950.0,155.0,360.0,1.0,1,1,4718.0,0.4305555555555556,4717.569444444444,5.043425116919247,8.45914025996762,True,True,False,False,False,False
0,3358,0.0,80.0,36.0,1.0,0,0,3358.0,2.2222222222222223,3355.777777777778,4.382026634673881,8.119100837637486,True,False,True,False,True,False
0,2526,1783.0,145.0,360.0,1.0,1,1,4309.0,0.4027777777777778,4308.597222222223,4.976733742420574,8.368461137615839,True,False,False,False,False,False
0,5000,0.0,103.0,360.0,0.0,0,0,5000.0,0.2861111111111111,4999.7138888888885,4.634728988229636,8.517193191416238,False,False,False,False,True,False
0,2785,2016.0,110.0,360.0,1.0,1,1,4801.0,0.3055555555555556,4800.694444444444,4.700480365792417,8.476579508530941,True,True,False,False,False,False
2,6633,0.0,128.0,360.0,0.0,0,0,6633.0,0.35555555555555557,6632.644444444444,4.852030263919617,8.799812469525556,True,True,False,True,False,False
1,2492,2375.0,128.0,360.0,1.0,1,1,4867.0,0.35555555555555557,4866.644444444444,4.852030263919617,8.490233009833455,True,True,True,False,False,False
1,3333,3250.0,158.0,360.0,1.0,1,1,6583.0,0.4388888888888889,6582.561111111111,5.062595033026967,8.792245847467877,True,True,False,False,False,True
0,2454,2333.0,181.0,360.0,0.0,0,0,4787.0,0.5027777777777778,4786.497222222222,5.198497031265826,8.473659189392508,True,True,True,False,False,True
0,3593,4266.0,132.0,180.0,0.0,0,0,7859.0,0.7333333333333333,7858.266666666666,4.882801922586371,8.969414650866176,True,True,False,False,False,False
1,5468,1032.0,26.0,360.0,1.0,1,1,6500.0,0.07222222222222222,6499.927777777778,3.258096538021482,8.779557455883728,True,True,False,False,True,False
0,2667,1625.0,84.0,360.0,1.0,1,1,4292.0,0.23333333333333334,4291.766666666666,4.430816798843313,8.36450810375059,False,False,False,False,False,True
3,10139,0.0,260.0,360.0,1.0,1,1,10139.0,0.7222222222222222,10138.277777777777,5.560681631015528,9.22414465295258,True,True,False,True,True,False
0,3887,2669.0,162.0,360.0,1.0,1,1,6556.0,0.45,6555.55,5.087596335232384,8.78813593986372,True,True,False,False,True,False
0,4180,2306.0,182.0,360.0,1.0,1,1,6486.0,0.5055555555555555,6485.4944444444445,5.204006687076795,8.777401286867264,False,True,False,False,True,False
2,3675,242.0,108.0,360.0,1.0,1,1,3917.0,0.3,3916.7,4.68213122712422,8.27308133366583,True,True,True,False,True,False
1,19484,0.0,600.0,360.0,1.0,1,1,19484.0,1.6666666666666667,19482.333333333332,6.396929655216146,9.877348894926433,False,True,False,True,True,False
0,5923,2054.0,211.0,360.0,1.0,1,1,7977.0,0.5861111111111111,7976.413888888889,5.351858133476067,8.984317679911129,True,True,False,False,False,False
0,5800,0.0,132.0,360.0,1.0,1,1,5800.0,0.36666666666666664,5799.633333333333,4.882801922586371,8.66561319653451,True,False,True,True,True,False
2,8799,0.0,258.0,360.0,0.0,0,0,8799.0,0.7166666666666667,8798.283333333333,5.552959584921617,9.08239335764556,True,True,False,False,False,True
0,4467,0.0,120.0,360.0,1.0,1,1,4467.0,0.3333333333333333,4466.666666666667,4.787491742782046,8.404472321352118,True,True,True,False,False,False
0,3333,0.0,70.0,360.0,1.0,1,1,3333.0,0.19444444444444445,3332.8055555555557,4.248495242049359,8.11162807830774,True,False,False,False,False,True
3,3400,2500.0,123.0,360.0,0.0,0,0,5900.0,0.3416666666666667,5899.658333333334,4.812184355372417,8.68270762989381,True,True,False,False,False,False
0,2378,0.0,9.0,360.0,1.0,0,0,2378.0,0.025,2377.975,2.1972245773362196,7.774015077250727,False,False,False,False,False,True
0,3166,2064.0,104.0,360.0,0.0,0,0,5230.0,0.28888888888888886,5229.711111111111,4.6443908991413725,8.56216655705897,True,True,False,False,False,True
1,3417,1750.0,186.0,360.0,1.0,1,1,5167.0,0.5166666666666667,5166.483333333334,5.225746673713202,8.550047528287184,True,True,False,False,False,True
0,5116,1451.0,165.0,360.0,0.0,0,0,6567.0,0.4583333333333333,6566.541666666667,5.10594547390058,8.789812386190972,True,True,False,False,False,True
2,16666,0.0,275.0,360.0,1.0,1,1,16666.0,0.7638888888888888,16665.23611111111,5.616771097666572,9.721125994942152,True,True,False,False,False,True
2,6125,1625.0,187.0,480.0,1.0,0,0,7750.0,0.38958333333333334,7749.610416666666,5.231108616854587,8.955448122347393,True,True,True,False,True,False
3,6406,0.0,150.0,360.0,1.0,0,0,6406.0,0.4166666666666667,6405.583333333333,5.0106352940962555,8.764990330169104,True,True,False,False,True,False
2,3159,461.0,108.0,84.0,1.0,1,1,3620.0,1.2857142857142858,3618.714285714286,4.68213122712422,8.194229304819817,True,True,False,False,False,True
0,3087,2210.0,136.0,360.0,0.0,0,0,5297.0,0.37777777777777777,5296.622222222222,4.912654885736052,8.574895901544526,True,True,False,False,True,False
0,3229,2739.0,110.0,360.0,1.0,1,1,5968.0,0.3055555555555556,5967.694444444444,4.700480365792417,8.694167141883597,True,False,False,False,False,True
1,1782,2232.0,107.0,360.0,1.0,1,1,4014.0,0.2972222222222222,4013.7027777777776,4.672828834461906,8.297543529356284,True,True,False,False,False,False
0,3182,2917.0,161.0,360.0,1.0,1,1,6099.0,0.44722222222222224,6098.552777777778,5.081404364984463,8.715880102296456,True,False,False,False,False,True
2,6540,0.0,205.0,360.0,1.0,1,1,6540.0,0.5694444444444444,6539.430555555556,5.3230099791384085,8.785692444451245,True,True,False,False,True,False
0,1836,33837.0,90.0,360.0,1.0,0,0,35673.0,0.25,35672.75,4.499809670330265,10.482149379105689,True,False,False,False,False,True
0,3166,0.0,36.0,360.0,1.0,1,1,3166.0,0.1,3165.9,3.58351893845611,8.060224240440958,False,True,False,False,True,False
1,1880,0.0,61.0,360.0,1.0,0,0,1880.0,0.16944444444444445,1879.8305555555555,4.110873864173311,7.539027055823995,True,True,False,False,False,False
1,2787,1917.0,146.0,360.0,0.0,0,0,4704.0,0.40555555555555556,4703.594444444445,4.983606621708336,8.456168489578463,True,True,False,False,False,False
1,4283,3000.0,172.0,84.0,1.0,0,0,7283.0,2.0476190476190474,7280.952380952381,5.147494476813453,8.893298144217916,True,True,False,False,False,False
0,2297,1522.0,104.0,360.0,1.0,1,1,3819.0,0.28888888888888886,3818.711111111111,4.6443908991413725,8.247743887225516,True,True,False,False,False,True
0,2165,0.0,70.0,360.0,1.0,1,1,2165.0,0.19444444444444445,2164.8055555555557,4.248495242049359,7.68017564043659,False,False,True,False,True,False
0,4750,0.0,94.0,360.0,1.0,1,1,4750.0,0.2611111111111111,4749.738888888889,4.543294782270004,8.465899897028686,True,False,False,False,True,False
2,2726,0.0,106.0,360.0,0.0,0,0,2726.0,0.29444444444444445,2725.7055555555557,4.663439094112067,7.9105906122564775,True,True,False,True,True,False
0,3000,3416.0,56.0,180.0,1.0,1,1,6416.0,0.3111111111111111,6415.688888888889,4.02535169073515,8.766550149546351,True,True,False,False,True,False
2,6000,0.0,205.0,240.0,1.0,0,0,6000.0,0.8541666666666666,5999.145833333333,5.3230099791384085,8.699514748210191,True,True,False,True,True,False
3,9357,0.0,292.0,360.0,1.0,1,1,9357.0,0.8111111111111111,9356.18888888889,5.676753802268282,9.143880005275912,True,False,False,True,True,False
0,3859,3300.0,142.0,180.0,1.0,1,1,7159.0,0.7888888888888889,7158.211111111111,4.955827057601261,8.876125585396185,True,True,False,False,False,False
0,16120,0.0,260.0,360.0,1.0,1,1,16120.0,0.7222222222222222,16119.277777777777,5.560681631015528,9.68781601606062,True,True,False,True,False,True
0,3833,0.0,110.0,360.0,1.0,1,1,3833.0,0.3055555555555556,3832.6944444444443,4.700480365792417,8.251403065380556,True,False,True,False,False,False
2,6383,1000.0,187.0,360.0,1.0,0,0,7383.0,0.5194444444444445,7382.480555555556,5.231108616854587,8.906935339059165,True,True,True,True,False,False
0,2987,0.0,88.0,360.0,0.0,0,0,2987.0,0.24444444444444444,2986.7555555555555,4.477336814478207,8.00202481821611,True,False,False,False,True,False
0,9963,0.0,180.0,360.0,1.0,1,1,9963.0,0.5,9962.5,5.19295685089021,9.206633510044856,True,True,False,True,False,False
2,5780,0.0,192.0,360.0,1.0,1,1,5780.0,0.5333333333333333,5779.466666666666,5.2574953720277815,8.662158961666423,True,True,False,False,False,True
3,416,41667.0,350.0,180.0,1.0,0,0,42083.0,1.9444444444444444,42081.055555555555,5.857933154483459,10.647399137646048,False,False,False,False,False,True
0,2894,2792.0,155.0,360.0,1.0,1,1,5686.0,0.4305555555555556,5685.569444444444,5.043425116919247,8.645762292210945,True,True,True,False,False,False
3,5703,0.0,128.0,360.0,1.0,1,1,5703.0,0.35555555555555557,5702.644444444444,4.852030263919617,8.648747631156539,True,True,False,False,False,True
0,3676,4301.0,172.0,360.0,1.0,1,1,7977.0,0.4777777777777778,7976.522222222222,5.147494476813453,8.984317679911129,True,False,False,False,False,False
1,12000,0.0,496.0,360.0,1.0,1,1,12000.0,1.3777777777777778,11998.622222222222,6.206575926724928,9.392661928770137,False,True,False,False,True,False
0,2400,3800.0,128.0,180.0,1.0,0,0,6200.0,0.7111111111111111,6199.288888888889,4.852030263919617,8.732304571033183,True,True,True,False,False,True
1,3400,2500.0,173.0,360.0,1.0,1,1,5900.0,0.48055555555555557,5899.519444444444,5.153291594497779,8.68270762989381,True,True,False,False,True,False
2,3987,1411.0,157.0,360.0,1.0,1,1,5398.0,0.4361111111111111,5397.563888888889,5.056245805348308,8.59378379357795,True,True,True,False,False,False
0,3232,1950.0,108.0,360.0,1.0,1,1,5182.0,0.3,5181.7,4.68213122712422,8.552946361122055,True,True,False,False,False,False
0,2900,0.0,71.0,360.0,1.0,1,1,2900.0,0.19722222222222222,2899.802777777778,4.2626798770413155,7.9724660159745655,False,False,False,False,False,False
3,4106,0.0,40.0,180.0,1.0,1,1,4106.0,0.2222222222222222,4105.777777777777,3.6888794541139363,8.32020459757888,True,True,False,False,False,False
1,8072,240.0,253.0,360.0,1.0,1,1,8312.0,0.7027777777777777,8311.297222222222,5.53338948872752,9.025455532779063,True,True,False,False,False,True
2,7583,0.0,187.0,360.0,1.0,1,1,7583.0,0.5194444444444445,7582.480555555556,5.231108616854587,8.933664178700935,True,True,False,False,False,True
0,4583,0.0,133.0,360.0,0.0,0,0,4583.0,0.36944444444444446,4582.6305555555555,4.890349128221754,8.430109084509125,False,False,False,True,True,False
